"","Date","Q","month","site"
"1",1992-06-12,NA,6,"TW_Weir"
"2",1992-06-13,NA,6,"TW_Weir"
"3",1992-06-14,NA,6,"TW_Weir"
"4",1992-06-15,NA,6,"TW_Weir"
"5",1992-06-16,NA,6,"TW_Weir"
"6",1992-06-17,0.000636667,6,"TW_Weir"
"7",1992-06-18,0.000415,6,"TW_Weir"
"8",1992-06-19,0.00037,6,"TW_Weir"
"9",1992-06-20,0.000243333,6,"TW_Weir"
"10",1992-06-21,0.00033,6,"TW_Weir"
"11",1992-06-22,0.00037,6,"TW_Weir"
"12",1992-06-23,0.00037,6,"TW_Weir"
"13",1992-06-24,0.00037,6,"TW_Weir"
"14",1992-06-25,0.0008425,6,"TW_Weir"
"15",1992-06-26,0.00264,6,"TW_Weir"
"16",1992-06-27,0.001676667,6,"TW_Weir"
"17",1992-06-28,0.000756667,6,"TW_Weir"
"18",1992-06-29,0.000415,6,"TW_Weir"
"19",1992-06-30,0.0003925,6,"TW_Weir"
"20",1992-07-01,0.010105714,7,"TW_Weir"
"21",1992-07-02,0.00286,7,"TW_Weir"
"22",1992-07-03,0.0013425,7,"TW_Weir"
"23",1992-07-04,0.00057,7,"TW_Weir"
"24",1992-07-05,0.000415,7,"TW_Weir"
"25",1992-07-06,NA,7,"TW_Weir"
"26",1992-07-07,0.00029,7,"TW_Weir"
"27",1992-07-08,0.00029,7,"TW_Weir"
"28",1992-07-09,0.00029,7,"TW_Weir"
"29",1992-07-10,0.00029,7,"TW_Weir"
"30",1992-07-11,0.00029,7,"TW_Weir"
"31",1992-07-12,0.00029,7,"TW_Weir"
"32",1992-07-13,0.00029,7,"TW_Weir"
"33",1992-07-14,0.00029,7,"TW_Weir"
"34",1992-07-15,0.00029,7,"TW_Weir"
"35",1992-07-16,0.00029,7,"TW_Weir"
"36",1992-07-17,0.00029,7,"TW_Weir"
"37",1992-07-18,0.00029,7,"TW_Weir"
"38",1992-07-19,0.00029,7,"TW_Weir"
"39",1992-07-20,0.00029,7,"TW_Weir"
"40",1992-07-21,0.00029,7,"TW_Weir"
"41",1992-07-22,0.00029,7,"TW_Weir"
"42",1992-07-23,0.00029,7,"TW_Weir"
"43",1992-07-24,0.00029,7,"TW_Weir"
"44",1992-07-25,0.00029,7,"TW_Weir"
"45",1992-07-26,0.00029,7,"TW_Weir"
"46",1992-07-27,0.00029,7,"TW_Weir"
"47",1992-07-28,0.00029,7,"TW_Weir"
"48",1992-07-29,0.00029,7,"TW_Weir"
"49",1992-07-30,0.00029,7,"TW_Weir"
"50",1992-07-31,0.00029,7,"TW_Weir"
"51",1992-08-01,0.00029,8,"TW_Weir"
"52",1992-08-02,0.00029,8,"TW_Weir"
"53",1992-08-03,0.00029,8,"TW_Weir"
"54",1992-08-04,0.00029,8,"TW_Weir"
"55",1992-08-05,0.000255,8,"TW_Weir"
"56",1992-08-06,0.000255,8,"TW_Weir"
"57",1992-08-07,0.00029,8,"TW_Weir"
"58",1992-08-08,0.000375,8,"TW_Weir"
"59",1992-08-09,0.000905,8,"TW_Weir"
"60",1992-08-10,0.000903333,8,"TW_Weir"
"61",1992-08-11,0.00046,8,"TW_Weir"
"62",1992-08-12,0.00046,8,"TW_Weir"
"63",1992-08-13,0.00046,8,"TW_Weir"
"64",1992-08-14,0.00046,8,"TW_Weir"
"65",1992-08-15,0.00046,8,"TW_Weir"
"66",1992-08-16,0.00046,8,"TW_Weir"
"67",1992-08-17,0.000533333,8,"TW_Weir"
"68",1992-08-18,0.00057,8,"TW_Weir"
"69",1992-08-19,0.0006475,8,"TW_Weir"
"70",1992-08-20,0.000943333,8,"TW_Weir"
"71",1992-08-21,0.000746667,8,"TW_Weir"
"72",1992-08-22,0.00067,8,"TW_Weir"
"73",1992-08-23,0.00067,8,"TW_Weir"
"74",1992-08-24,0.000636667,8,"TW_Weir"
"75",1992-08-25,0.005033333,8,"TW_Weir"
"76",1992-08-26,0.00921,8,"TW_Weir"
"77",1992-08-27,0.00278,8,"TW_Weir"
"78",1992-08-28,0.0011,8,"TW_Weir"
"79",1992-08-29,0.00117,8,"TW_Weir"
"80",1992-08-30,NA,8,"TW_Weir"
"81",1992-08-31,NA,8,"TW_Weir"
"82",1992-09-01,NA,9,"TW_Weir"
"83",1992-09-02,NA,9,"TW_Weir"
"84",1992-09-03,NA,9,"TW_Weir"
"85",1992-09-04,NA,9,"TW_Weir"
"86",1992-09-05,NA,9,"TW_Weir"
"87",1992-09-06,NA,9,"TW_Weir"
"88",1992-09-07,NA,9,"TW_Weir"
"89",1992-09-08,NA,9,"TW_Weir"
"90",1992-09-09,NA,9,"TW_Weir"
"91",1992-09-10,NA,9,"TW_Weir"
"92",1992-09-11,NA,9,"TW_Weir"
"93",1992-09-12,NA,9,"TW_Weir"
"94",1992-09-13,NA,9,"TW_Weir"
"95",1992-09-14,NA,9,"TW_Weir"
"96",1992-09-15,NA,9,"TW_Weir"
"97",1992-09-16,NA,9,"TW_Weir"
"98",1992-09-17,NA,9,"TW_Weir"
"99",1992-09-18,NA,9,"TW_Weir"
"100",1992-09-19,NA,9,"TW_Weir"
"101",1992-09-20,NA,9,"TW_Weir"
"102",1992-09-21,NA,9,"TW_Weir"
"103",1992-09-22,NA,9,"TW_Weir"
"104",1992-09-23,NA,9,"TW_Weir"
"105",1992-09-24,NA,9,"TW_Weir"
"106",1992-09-25,NA,9,"TW_Weir"
"107",1992-09-26,NA,9,"TW_Weir"
"108",1992-09-27,NA,9,"TW_Weir"
"109",1992-09-28,NA,9,"TW_Weir"
"110",1992-09-29,NA,9,"TW_Weir"
"111",1992-09-30,NA,9,"TW_Weir"
"324",1993-05-01,NA,5,"TW_Weir"
"325",1993-05-02,NA,5,"TW_Weir"
"326",1993-05-03,NA,5,"TW_Weir"
"327",1993-05-04,NA,5,"TW_Weir"
"328",1993-05-05,NA,5,"TW_Weir"
"329",1993-05-06,NA,5,"TW_Weir"
"330",1993-05-07,NA,5,"TW_Weir"
"331",1993-05-08,NA,5,"TW_Weir"
"332",1993-05-09,NA,5,"TW_Weir"
"333",1993-05-10,NA,5,"TW_Weir"
"334",1993-05-11,NA,5,"TW_Weir"
"335",1993-05-12,NA,5,"TW_Weir"
"336",1993-05-13,NA,5,"TW_Weir"
"337",1993-05-14,NA,5,"TW_Weir"
"338",1993-05-15,NA,5,"TW_Weir"
"339",1993-05-16,NA,5,"TW_Weir"
"340",1993-05-17,NA,5,"TW_Weir"
"341",1993-05-18,NA,5,"TW_Weir"
"342",1993-05-19,NA,5,"TW_Weir"
"343",1993-05-20,NA,5,"TW_Weir"
"344",1993-05-21,NA,5,"TW_Weir"
"345",1993-05-22,NA,5,"TW_Weir"
"346",1993-05-23,NA,5,"TW_Weir"
"347",1993-05-24,NA,5,"TW_Weir"
"348",1993-05-25,NA,5,"TW_Weir"
"349",1993-05-26,NA,5,"TW_Weir"
"350",1993-05-27,NA,5,"TW_Weir"
"351",1993-05-28,NA,5,"TW_Weir"
"352",1993-05-29,NA,5,"TW_Weir"
"353",1993-05-30,0.001,5,"TW_Weir"
"354",1993-05-31,NA,5,"TW_Weir"
"355",1993-06-01,NA,6,"TW_Weir"
"356",1993-06-02,NA,6,"TW_Weir"
"357",1993-06-03,NA,6,"TW_Weir"
"358",1993-06-04,NA,6,"TW_Weir"
"359",1993-06-05,NA,6,"TW_Weir"
"360",1993-06-06,NA,6,"TW_Weir"
"361",1993-06-07,NA,6,"TW_Weir"
"362",1993-06-08,NA,6,"TW_Weir"
"363",1993-06-09,0.0065,6,"TW_Weir"
"364",1993-06-10,NA,6,"TW_Weir"
"365",1993-06-11,NA,6,"TW_Weir"
"366",1993-06-12,NA,6,"TW_Weir"
"367",1993-06-13,NA,6,"TW_Weir"
"368",1993-06-14,NA,6,"TW_Weir"
"369",1993-06-15,NA,6,"TW_Weir"
"370",1993-06-16,NA,6,"TW_Weir"
"371",1993-06-17,NA,6,"TW_Weir"
"372",1993-06-18,NA,6,"TW_Weir"
"373",1993-06-19,NA,6,"TW_Weir"
"374",1993-06-20,NA,6,"TW_Weir"
"375",1993-06-21,NA,6,"TW_Weir"
"376",1993-06-22,NA,6,"TW_Weir"
"377",1993-06-23,1e-04,6,"TW_Weir"
"378",1993-06-24,NA,6,"TW_Weir"
"379",1993-06-25,NA,6,"TW_Weir"
"380",1993-06-26,NA,6,"TW_Weir"
"381",1993-06-27,NA,6,"TW_Weir"
"382",1993-06-28,NA,6,"TW_Weir"
"383",1993-06-29,NA,6,"TW_Weir"
"384",1993-06-30,1e-05,6,"TW_Weir"
"385",1993-07-01,NA,7,"TW_Weir"
"386",1993-07-02,NA,7,"TW_Weir"
"387",1993-07-03,NA,7,"TW_Weir"
"388",1993-07-04,NA,7,"TW_Weir"
"389",1993-07-05,NA,7,"TW_Weir"
"390",1993-07-06,NA,7,"TW_Weir"
"391",1993-07-07,0.00476,7,"TW_Weir"
"392",1993-07-08,NA,7,"TW_Weir"
"393",1993-07-09,NA,7,"TW_Weir"
"394",1993-07-10,NA,7,"TW_Weir"
"395",1993-07-11,NA,7,"TW_Weir"
"396",1993-07-12,NA,7,"TW_Weir"
"397",1993-07-13,NA,7,"TW_Weir"
"398",1993-07-14,7e-05,7,"TW_Weir"
"399",1993-07-15,NA,7,"TW_Weir"
"400",1993-07-16,NA,7,"TW_Weir"
"401",1993-07-17,NA,7,"TW_Weir"
"402",1993-07-18,NA,7,"TW_Weir"
"403",1993-07-19,NA,7,"TW_Weir"
"404",1993-07-20,NA,7,"TW_Weir"
"405",1993-07-21,2e-05,7,"TW_Weir"
"406",1993-07-22,NA,7,"TW_Weir"
"407",1993-07-23,NA,7,"TW_Weir"
"408",1993-07-24,NA,7,"TW_Weir"
"409",1993-07-25,NA,7,"TW_Weir"
"410",1993-07-26,NA,7,"TW_Weir"
"411",1993-07-27,NA,7,"TW_Weir"
"412",1993-07-28,2e-05,7,"TW_Weir"
"413",1993-07-29,NA,7,"TW_Weir"
"414",1993-07-30,NA,7,"TW_Weir"
"415",1993-07-31,NA,7,"TW_Weir"
"416",1993-08-01,NA,8,"TW_Weir"
"417",1993-08-02,NA,8,"TW_Weir"
"418",1993-08-03,NA,8,"TW_Weir"
"419",1993-08-04,0.00029,8,"TW_Weir"
"420",1993-08-05,NA,8,"TW_Weir"
"421",1993-08-06,NA,8,"TW_Weir"
"422",1993-08-07,NA,8,"TW_Weir"
"423",1993-08-08,NA,8,"TW_Weir"
"424",1993-08-09,NA,8,"TW_Weir"
"425",1993-08-10,NA,8,"TW_Weir"
"426",1993-08-11,7e-05,8,"TW_Weir"
"427",1993-08-12,NA,8,"TW_Weir"
"428",1993-08-13,NA,8,"TW_Weir"
"429",1993-08-14,NA,8,"TW_Weir"
"430",1993-08-15,NA,8,"TW_Weir"
"431",1993-08-16,NA,8,"TW_Weir"
"432",1993-08-17,5e-04,8,"TW_Weir"
"433",1993-08-18,NA,8,"TW_Weir"
"434",1993-08-19,NA,8,"TW_Weir"
"435",1993-08-20,NA,8,"TW_Weir"
"436",1993-08-21,NA,8,"TW_Weir"
"437",1993-08-22,NA,8,"TW_Weir"
"438",1993-08-23,NA,8,"TW_Weir"
"439",1993-08-24,NA,8,"TW_Weir"
"440",1993-08-25,NA,8,"TW_Weir"
"441",1993-08-26,NA,8,"TW_Weir"
"442",1993-08-27,NA,8,"TW_Weir"
"443",1993-08-28,NA,8,"TW_Weir"
"444",1993-08-29,NA,8,"TW_Weir"
"445",1993-08-30,NA,8,"TW_Weir"
"446",1993-08-31,NA,8,"TW_Weir"
"447",1993-09-01,NA,9,"TW_Weir"
"448",1993-09-02,NA,9,"TW_Weir"
"449",1993-09-03,NA,9,"TW_Weir"
"450",1993-09-04,NA,9,"TW_Weir"
"451",1993-09-05,NA,9,"TW_Weir"
"452",1993-09-06,NA,9,"TW_Weir"
"453",1993-09-07,NA,9,"TW_Weir"
"454",1993-09-08,NA,9,"TW_Weir"
"455",1993-09-09,NA,9,"TW_Weir"
"456",1993-09-10,NA,9,"TW_Weir"
"457",1993-09-11,NA,9,"TW_Weir"
"458",1993-09-12,NA,9,"TW_Weir"
"459",1993-09-13,NA,9,"TW_Weir"
"460",1993-09-14,NA,9,"TW_Weir"
"461",1993-09-15,NA,9,"TW_Weir"
"462",1993-09-16,NA,9,"TW_Weir"
"463",1993-09-17,NA,9,"TW_Weir"
"464",1993-09-18,NA,9,"TW_Weir"
"465",1993-09-19,NA,9,"TW_Weir"
"466",1993-09-20,NA,9,"TW_Weir"
"467",1993-09-21,NA,9,"TW_Weir"
"468",1993-09-22,NA,9,"TW_Weir"
"469",1993-09-23,NA,9,"TW_Weir"
"470",1993-09-24,NA,9,"TW_Weir"
"471",1993-09-25,NA,9,"TW_Weir"
"472",1993-09-26,NA,9,"TW_Weir"
"473",1993-09-27,NA,9,"TW_Weir"
"474",1993-09-28,NA,9,"TW_Weir"
"475",1993-09-29,NA,9,"TW_Weir"
"476",1993-09-30,NA,9,"TW_Weir"
"689",1994-05-01,NA,5,"TW_Weir"
"690",1994-05-02,NA,5,"TW_Weir"
"691",1994-05-03,NA,5,"TW_Weir"
"692",1994-05-04,NA,5,"TW_Weir"
"693",1994-05-05,NA,5,"TW_Weir"
"694",1994-05-06,NA,5,"TW_Weir"
"695",1994-05-07,NA,5,"TW_Weir"
"696",1994-05-08,NA,5,"TW_Weir"
"697",1994-05-09,NA,5,"TW_Weir"
"698",1994-05-10,NA,5,"TW_Weir"
"699",1994-05-11,NA,5,"TW_Weir"
"700",1994-05-12,NA,5,"TW_Weir"
"701",1994-05-13,NA,5,"TW_Weir"
"702",1994-05-14,NA,5,"TW_Weir"
"703",1994-05-15,NA,5,"TW_Weir"
"704",1994-05-16,NA,5,"TW_Weir"
"705",1994-05-17,NA,5,"TW_Weir"
"706",1994-05-18,NA,5,"TW_Weir"
"707",1994-05-19,NA,5,"TW_Weir"
"708",1994-05-20,NA,5,"TW_Weir"
"709",1994-05-21,NA,5,"TW_Weir"
"710",1994-05-22,NA,5,"TW_Weir"
"711",1994-05-23,NA,5,"TW_Weir"
"712",1994-05-24,NA,5,"TW_Weir"
"713",1994-05-25,NA,5,"TW_Weir"
"714",1994-05-26,NA,5,"TW_Weir"
"715",1994-05-27,NA,5,"TW_Weir"
"716",1994-05-28,NA,5,"TW_Weir"
"717",1994-05-29,NA,5,"TW_Weir"
"718",1994-05-30,NA,5,"TW_Weir"
"719",1994-05-31,NA,5,"TW_Weir"
"720",1994-06-01,NA,6,"TW_Weir"
"721",1994-06-02,NA,6,"TW_Weir"
"722",1994-06-03,NA,6,"TW_Weir"
"723",1994-06-04,NA,6,"TW_Weir"
"724",1994-06-05,NA,6,"TW_Weir"
"725",1994-06-06,NA,6,"TW_Weir"
"726",1994-06-07,NA,6,"TW_Weir"
"727",1994-06-08,NA,6,"TW_Weir"
"728",1994-06-09,NA,6,"TW_Weir"
"729",1994-06-10,NA,6,"TW_Weir"
"730",1994-06-11,NA,6,"TW_Weir"
"731",1994-06-12,NA,6,"TW_Weir"
"732",1994-06-13,NA,6,"TW_Weir"
"733",1994-06-14,NA,6,"TW_Weir"
"734",1994-06-15,NA,6,"TW_Weir"
"735",1994-06-16,NA,6,"TW_Weir"
"736",1994-06-17,NA,6,"TW_Weir"
"737",1994-06-18,NA,6,"TW_Weir"
"738",1994-06-19,NA,6,"TW_Weir"
"739",1994-06-20,NA,6,"TW_Weir"
"740",1994-06-21,NA,6,"TW_Weir"
"741",1994-06-22,0.00049,6,"TW_Weir"
"742",1994-06-23,0.000475,6,"TW_Weir"
"743",1994-06-24,0.000465,6,"TW_Weir"
"744",1994-06-25,0.000465,6,"TW_Weir"
"745",1994-06-26,0.000598333,6,"TW_Weir"
"746",1994-06-27,0.000574286,6,"TW_Weir"
"747",1994-06-28,0.000615,6,"TW_Weir"
"748",1994-06-29,0.000403333,6,"TW_Weir"
"749",1994-06-30,4e-04,6,"TW_Weir"
"750",1994-07-01,4e-04,7,"TW_Weir"
"751",1994-07-02,4e-04,7,"TW_Weir"
"752",1994-07-03,0.00041,7,"TW_Weir"
"753",1994-07-04,0.000435,7,"TW_Weir"
"754",1994-07-05,0.00043,7,"TW_Weir"
"755",1994-07-06,0.00182,7,"TW_Weir"
"756",1994-07-07,0.001295,7,"TW_Weir"
"757",1994-07-08,0.00044,7,"TW_Weir"
"758",1994-07-09,0.00043,7,"TW_Weir"
"759",1994-07-10,0.000415,7,"TW_Weir"
"760",1994-07-11,0.000405,7,"TW_Weir"
"761",1994-07-12,0.000395,7,"TW_Weir"
"762",1994-07-13,0.000406667,7,"TW_Weir"
"763",1994-07-14,0.00320125,7,"TW_Weir"
"764",1994-07-15,0.000664,7,"TW_Weir"
"765",1994-07-16,0.00043,7,"TW_Weir"
"766",1994-07-17,0.000435,7,"TW_Weir"
"767",1994-07-18,0.00044,7,"TW_Weir"
"768",1994-07-19,0.000455,7,"TW_Weir"
"769",1994-07-20,0.000468333,7,"TW_Weir"
"770",1994-07-21,0.002511818,7,"TW_Weir"
"771",1994-07-22,0.0007075,7,"TW_Weir"
"772",1994-07-23,0.00045,7,"TW_Weir"
"773",1994-07-24,0.00044,7,"TW_Weir"
"774",1994-07-25,0.00048,7,"TW_Weir"
"775",1994-07-26,0.00064,7,"TW_Weir"
"776",1994-07-27,0.000741667,7,"TW_Weir"
"777",1994-07-28,NA,7,"TW_Weir"
"778",1994-07-29,NA,7,"TW_Weir"
"779",1994-07-30,NA,7,"TW_Weir"
"780",1994-07-31,NA,7,"TW_Weir"
"781",1994-08-01,NA,8,"TW_Weir"
"782",1994-08-02,NA,8,"TW_Weir"
"783",1994-08-03,0.00044,8,"TW_Weir"
"784",1994-08-04,NA,8,"TW_Weir"
"785",1994-08-05,NA,8,"TW_Weir"
"786",1994-08-06,NA,8,"TW_Weir"
"787",1994-08-07,NA,8,"TW_Weir"
"788",1994-08-08,NA,8,"TW_Weir"
"789",1994-08-09,0.00049,8,"TW_Weir"
"790",1994-08-10,NA,8,"TW_Weir"
"791",1994-08-11,NA,8,"TW_Weir"
"792",1994-08-12,NA,8,"TW_Weir"
"793",1994-08-13,NA,8,"TW_Weir"
"794",1994-08-14,NA,8,"TW_Weir"
"795",1994-08-15,0.00063,8,"TW_Weir"
"796",1994-08-16,0.000975,8,"TW_Weir"
"797",1994-08-17,0.001103333,8,"TW_Weir"
"798",1994-08-18,0.00119,8,"TW_Weir"
"799",1994-08-19,0.0011,8,"TW_Weir"
"800",1994-08-20,NA,8,"TW_Weir"
"801",1994-08-21,NA,8,"TW_Weir"
"802",1994-08-22,NA,8,"TW_Weir"
"803",1994-08-23,NA,8,"TW_Weir"
"804",1994-08-24,0.00025,8,"TW_Weir"
"805",1994-08-25,NA,8,"TW_Weir"
"806",1994-08-26,NA,8,"TW_Weir"
"807",1994-08-27,NA,8,"TW_Weir"
"808",1994-08-28,NA,8,"TW_Weir"
"809",1994-08-29,NA,8,"TW_Weir"
"810",1994-08-30,NA,8,"TW_Weir"
"811",1994-08-31,NA,8,"TW_Weir"
"812",1994-09-01,NA,9,"TW_Weir"
"813",1994-09-02,NA,9,"TW_Weir"
"814",1994-09-03,NA,9,"TW_Weir"
"815",1994-09-04,NA,9,"TW_Weir"
"816",1994-09-05,NA,9,"TW_Weir"
"817",1994-09-06,NA,9,"TW_Weir"
"818",1994-09-07,NA,9,"TW_Weir"
"819",1994-09-08,NA,9,"TW_Weir"
"820",1994-09-09,NA,9,"TW_Weir"
"821",1994-09-10,NA,9,"TW_Weir"
"822",1994-09-11,NA,9,"TW_Weir"
"823",1994-09-12,NA,9,"TW_Weir"
"824",1994-09-13,NA,9,"TW_Weir"
"825",1994-09-14,NA,9,"TW_Weir"
"826",1994-09-15,NA,9,"TW_Weir"
"827",1994-09-16,NA,9,"TW_Weir"
"828",1994-09-17,NA,9,"TW_Weir"
"829",1994-09-18,NA,9,"TW_Weir"
"830",1994-09-19,NA,9,"TW_Weir"
"831",1994-09-20,NA,9,"TW_Weir"
"832",1994-09-21,NA,9,"TW_Weir"
"833",1994-09-22,NA,9,"TW_Weir"
"834",1994-09-23,NA,9,"TW_Weir"
"835",1994-09-24,NA,9,"TW_Weir"
"836",1994-09-25,NA,9,"TW_Weir"
"837",1994-09-26,NA,9,"TW_Weir"
"838",1994-09-27,NA,9,"TW_Weir"
"839",1994-09-28,NA,9,"TW_Weir"
"840",1994-09-29,NA,9,"TW_Weir"
"841",1994-09-30,NA,9,"TW_Weir"
"1054",1995-05-01,NA,5,"TW_Weir"
"1055",1995-05-02,NA,5,"TW_Weir"
"1056",1995-05-03,NA,5,"TW_Weir"
"1057",1995-05-04,NA,5,"TW_Weir"
"1058",1995-05-05,NA,5,"TW_Weir"
"1059",1995-05-06,NA,5,"TW_Weir"
"1060",1995-05-07,NA,5,"TW_Weir"
"1061",1995-05-08,NA,5,"TW_Weir"
"1062",1995-05-09,NA,5,"TW_Weir"
"1063",1995-05-10,NA,5,"TW_Weir"
"1064",1995-05-11,NA,5,"TW_Weir"
"1065",1995-05-12,NA,5,"TW_Weir"
"1066",1995-05-13,NA,5,"TW_Weir"
"1067",1995-05-14,NA,5,"TW_Weir"
"1068",1995-05-15,NA,5,"TW_Weir"
"1069",1995-05-16,NA,5,"TW_Weir"
"1070",1995-05-17,NA,5,"TW_Weir"
"1071",1995-05-18,NA,5,"TW_Weir"
"1072",1995-05-19,NA,5,"TW_Weir"
"1073",1995-05-20,NA,5,"TW_Weir"
"1074",1995-05-21,NA,5,"TW_Weir"
"1075",1995-05-22,NA,5,"TW_Weir"
"1076",1995-05-23,NA,5,"TW_Weir"
"1077",1995-05-24,NA,5,"TW_Weir"
"1078",1995-05-25,NA,5,"TW_Weir"
"1079",1995-05-26,NA,5,"TW_Weir"
"1080",1995-05-27,NA,5,"TW_Weir"
"1081",1995-05-28,NA,5,"TW_Weir"
"1082",1995-05-29,NA,5,"TW_Weir"
"1083",1995-05-30,NA,5,"TW_Weir"
"1084",1995-05-31,NA,5,"TW_Weir"
"1085",1995-06-01,NA,6,"TW_Weir"
"1086",1995-06-02,NA,6,"TW_Weir"
"1087",1995-06-03,NA,6,"TW_Weir"
"1088",1995-06-04,NA,6,"TW_Weir"
"1089",1995-06-05,NA,6,"TW_Weir"
"1090",1995-06-06,NA,6,"TW_Weir"
"1091",1995-06-07,NA,6,"TW_Weir"
"1092",1995-06-08,NA,6,"TW_Weir"
"1093",1995-06-09,0.00011,6,"TW_Weir"
"1094",1995-06-10,0.00017,6,"TW_Weir"
"1095",1995-06-11,0.00193,6,"TW_Weir"
"1096",1995-06-12,0.00375,6,"TW_Weir"
"1097",1995-06-13,0.00135,6,"TW_Weir"
"1098",1995-06-14,0.00122,6,"TW_Weir"
"1099",1995-06-15,0.00076,6,"TW_Weir"
"1100",1995-06-16,0.00039,6,"TW_Weir"
"1101",1995-06-17,0.00587,6,"TW_Weir"
"1102",1995-06-18,0.00225,6,"TW_Weir"
"1103",1995-06-19,0.00027,6,"TW_Weir"
"1104",1995-06-20,0.00017,6,"TW_Weir"
"1105",1995-06-21,0.00011,6,"TW_Weir"
"1106",1995-06-22,0.00011,6,"TW_Weir"
"1107",1995-06-23,0.00011,6,"TW_Weir"
"1108",1995-06-24,0.00039,6,"TW_Weir"
"1109",1995-06-25,0.00303,6,"TW_Weir"
"1110",1995-06-26,0.00322,6,"TW_Weir"
"1111",1995-06-27,0.00193,6,"TW_Weir"
"1112",1995-06-28,0.00141,6,"TW_Weir"
"1113",1995-06-29,0.0011,6,"TW_Weir"
"1114",1995-06-30,0.00057,6,"TW_Weir"
"1115",1995-07-01,0.00048,7,"TW_Weir"
"1116",1995-07-02,0.01041,7,"TW_Weir"
"1117",1995-07-03,0.00346,7,"TW_Weir"
"1118",1995-07-04,0.00225,7,"TW_Weir"
"1119",1995-07-05,0.00149,7,"TW_Weir"
"1120",1995-07-06,0.00149,7,"TW_Weir"
"1121",1995-07-07,7e-04,7,"TW_Weir"
"1122",1995-07-08,5e-04,7,"TW_Weir"
"1123",1995-07-09,0.00059,7,"TW_Weir"
"1124",1995-07-10,0.00066,7,"TW_Weir"
"1125",1995-07-11,0.00273,7,"TW_Weir"
"1126",1995-07-12,0.00193,7,"TW_Weir"
"1127",1995-07-13,0.00122,7,"TW_Weir"
"1128",1995-07-14,0.00081,7,"TW_Weir"
"1129",1995-07-15,0.00043,7,"TW_Weir"
"1130",1995-07-16,0.00043,7,"TW_Weir"
"1131",1995-07-17,0.00035,7,"TW_Weir"
"1132",1995-07-18,0.00081,7,"TW_Weir"
"1133",1995-07-19,0.00135,7,"TW_Weir"
"1134",1995-07-20,0.01147,7,"TW_Weir"
"1135",1995-07-21,0.01111,7,"TW_Weir"
"1136",1995-07-22,0.00441,7,"TW_Weir"
"1137",1995-07-23,0.00208,7,"TW_Weir"
"1138",1995-07-24,0.00157,7,"TW_Weir"
"1139",1995-07-25,0.00143,7,"TW_Weir"
"1140",1995-07-26,0.00062,7,"TW_Weir"
"1141",1995-07-27,0.00048,7,"TW_Weir"
"1142",1995-07-28,0.00031,7,"TW_Weir"
"1143",1995-07-29,0.00024,7,"TW_Weir"
"1144",1995-07-30,0.00066,7,"TW_Weir"
"1145",1995-07-31,0.00135,7,"TW_Weir"
"1146",1995-08-01,0.00177,8,"TW_Weir"
"1147",1995-08-02,0.00177,8,"TW_Weir"
"1148",1995-08-03,0.00266,8,"TW_Weir"
"1149",1995-08-04,0.00208,8,"TW_Weir"
"1150",1995-08-05,0.0016,8,"TW_Weir"
"1151",1995-08-06,0.00149,8,"TW_Weir"
"1152",1995-08-07,0.00135,8,"TW_Weir"
"1153",1995-08-08,0.00059,8,"TW_Weir"
"1154",1995-08-09,0.00046,8,"TW_Weir"
"1155",1995-08-10,0.00043,8,"TW_Weir"
"1156",1995-08-11,0.00044,8,"TW_Weir"
"1157",1995-08-12,0.00048,8,"TW_Weir"
"1158",1995-08-13,0.00048,8,"TW_Weir"
"1159",1995-08-14,0.00087,8,"TW_Weir"
"1160",1995-08-15,NA,8,"TW_Weir"
"1161",1995-08-16,NA,8,"TW_Weir"
"1162",1995-08-17,NA,8,"TW_Weir"
"1163",1995-08-18,NA,8,"TW_Weir"
"1164",1995-08-19,NA,8,"TW_Weir"
"1165",1995-08-20,NA,8,"TW_Weir"
"1166",1995-08-21,NA,8,"TW_Weir"
"1167",1995-08-22,NA,8,"TW_Weir"
"1168",1995-08-23,NA,8,"TW_Weir"
"1169",1995-08-24,NA,8,"TW_Weir"
"1170",1995-08-25,NA,8,"TW_Weir"
"1171",1995-08-26,NA,8,"TW_Weir"
"1172",1995-08-27,NA,8,"TW_Weir"
"1173",1995-08-28,NA,8,"TW_Weir"
"1174",1995-08-29,NA,8,"TW_Weir"
"1175",1995-08-30,NA,8,"TW_Weir"
"1176",1995-08-31,NA,8,"TW_Weir"
"1177",1995-09-01,NA,9,"TW_Weir"
"1178",1995-09-02,NA,9,"TW_Weir"
"1179",1995-09-03,NA,9,"TW_Weir"
"1180",1995-09-04,NA,9,"TW_Weir"
"1181",1995-09-05,NA,9,"TW_Weir"
"1182",1995-09-06,NA,9,"TW_Weir"
"1183",1995-09-07,NA,9,"TW_Weir"
"1184",1995-09-08,NA,9,"TW_Weir"
"1185",1995-09-09,NA,9,"TW_Weir"
"1186",1995-09-10,NA,9,"TW_Weir"
"1187",1995-09-11,NA,9,"TW_Weir"
"1188",1995-09-12,NA,9,"TW_Weir"
"1189",1995-09-13,NA,9,"TW_Weir"
"1190",1995-09-14,NA,9,"TW_Weir"
"1191",1995-09-15,NA,9,"TW_Weir"
"1192",1995-09-16,NA,9,"TW_Weir"
"1193",1995-09-17,NA,9,"TW_Weir"
"1194",1995-09-18,NA,9,"TW_Weir"
"1195",1995-09-19,NA,9,"TW_Weir"
"1196",1995-09-20,NA,9,"TW_Weir"
"1197",1995-09-21,NA,9,"TW_Weir"
"1198",1995-09-22,NA,9,"TW_Weir"
"1199",1995-09-23,NA,9,"TW_Weir"
"1200",1995-09-24,NA,9,"TW_Weir"
"1201",1995-09-25,NA,9,"TW_Weir"
"1202",1995-09-26,NA,9,"TW_Weir"
"1203",1995-09-27,NA,9,"TW_Weir"
"1204",1995-09-28,NA,9,"TW_Weir"
"1205",1995-09-29,NA,9,"TW_Weir"
"1206",1995-09-30,NA,9,"TW_Weir"
"1420",1996-05-01,NA,5,"TW_Weir"
"1421",1996-05-02,NA,5,"TW_Weir"
"1422",1996-05-03,NA,5,"TW_Weir"
"1423",1996-05-04,NA,5,"TW_Weir"
"1424",1996-05-05,NA,5,"TW_Weir"
"1425",1996-05-06,NA,5,"TW_Weir"
"1426",1996-05-07,NA,5,"TW_Weir"
"1427",1996-05-08,NA,5,"TW_Weir"
"1428",1996-05-09,NA,5,"TW_Weir"
"1429",1996-05-10,NA,5,"TW_Weir"
"1430",1996-05-11,NA,5,"TW_Weir"
"1431",1996-05-12,NA,5,"TW_Weir"
"1432",1996-05-13,NA,5,"TW_Weir"
"1433",1996-05-14,NA,5,"TW_Weir"
"1434",1996-05-15,NA,5,"TW_Weir"
"1435",1996-05-16,NA,5,"TW_Weir"
"1436",1996-05-17,NA,5,"TW_Weir"
"1437",1996-05-18,NA,5,"TW_Weir"
"1438",1996-05-19,NA,5,"TW_Weir"
"1439",1996-05-20,NA,5,"TW_Weir"
"1440",1996-05-21,NA,5,"TW_Weir"
"1441",1996-05-22,NA,5,"TW_Weir"
"1442",1996-05-23,NA,5,"TW_Weir"
"1443",1996-05-24,NA,5,"TW_Weir"
"1444",1996-05-25,0.00512,5,"TW_Weir"
"1445",1996-05-26,0.00347,5,"TW_Weir"
"1446",1996-05-27,0.00347,5,"TW_Weir"
"1447",1996-05-28,NA,5,"TW_Weir"
"1448",1996-05-29,0.01255,5,"TW_Weir"
"1449",1996-05-30,0.00883,5,"TW_Weir"
"1450",1996-05-31,0.00801,5,"TW_Weir"
"1451",1996-06-01,NA,6,"TW_Weir"
"1452",1996-06-02,NA,6,"TW_Weir"
"1453",1996-06-03,0.00983,6,"TW_Weir"
"1454",1996-06-04,NA,6,"TW_Weir"
"1455",1996-06-05,0.00404,6,"TW_Weir"
"1456",1996-06-06,0.003361429,6,"TW_Weir"
"1457",1996-06-07,0.001779024,6,"TW_Weir"
"1458",1996-06-08,NA,6,"TW_Weir"
"1459",1996-06-09,NA,6,"TW_Weir"
"1460",1996-06-10,NA,6,"TW_Weir"
"1461",1996-06-11,NA,6,"TW_Weir"
"1462",1996-06-12,NA,6,"TW_Weir"
"1463",1996-06-13,NA,6,"TW_Weir"
"1464",1996-06-14,NA,6,"TW_Weir"
"1465",1996-06-15,NA,6,"TW_Weir"
"1466",1996-06-16,NA,6,"TW_Weir"
"1467",1996-06-17,NA,6,"TW_Weir"
"1468",1996-06-18,NA,6,"TW_Weir"
"1469",1996-06-19,NA,6,"TW_Weir"
"1470",1996-06-20,NA,6,"TW_Weir"
"1471",1996-06-21,NA,6,"TW_Weir"
"1472",1996-06-22,NA,6,"TW_Weir"
"1473",1996-06-23,0.001673529,6,"TW_Weir"
"1474",1996-06-24,0.001377083,6,"TW_Weir"
"1475",1996-06-25,0.000735208,6,"TW_Weir"
"1476",1996-06-26,0.00076,6,"TW_Weir"
"1477",1996-06-27,0.000861042,6,"TW_Weir"
"1478",1996-06-28,0.000703429,6,"TW_Weir"
"1479",1996-06-29,NA,6,"TW_Weir"
"1480",1996-06-30,NA,6,"TW_Weir"
"1481",1996-07-01,NA,7,"TW_Weir"
"1482",1996-07-02,NA,7,"TW_Weir"
"1483",1996-07-03,NA,7,"TW_Weir"
"1484",1996-07-04,NA,7,"TW_Weir"
"1485",1996-07-05,NA,7,"TW_Weir"
"1486",1996-07-06,NA,7,"TW_Weir"
"1487",1996-07-07,NA,7,"TW_Weir"
"1488",1996-07-08,NA,7,"TW_Weir"
"1489",1996-07-09,NA,7,"TW_Weir"
"1490",1996-07-10,NA,7,"TW_Weir"
"1491",1996-07-11,NA,7,"TW_Weir"
"1492",1996-07-12,NA,7,"TW_Weir"
"1493",1996-07-13,0.000327895,7,"TW_Weir"
"1494",1996-07-14,0.002170625,7,"TW_Weir"
"1495",1996-07-15,0.003580625,7,"TW_Weir"
"1496",1996-07-16,0.00199625,7,"TW_Weir"
"1497",1996-07-17,0.000948958,7,"TW_Weir"
"1498",1996-07-18,0.000506458,7,"TW_Weir"
"1499",1996-07-19,0.000357708,7,"TW_Weir"
"1500",1996-07-20,0.000545417,7,"TW_Weir"
"1501",1996-07-21,0.001365,7,"TW_Weir"
"1502",1996-07-22,0.005242083,7,"TW_Weir"
"1503",1996-07-23,0.003204792,7,"TW_Weir"
"1504",1996-07-24,0.000948125,7,"TW_Weir"
"1505",1996-07-25,0.000482692,7,"TW_Weir"
"1506",1996-07-26,NA,7,"TW_Weir"
"1507",1996-07-27,NA,7,"TW_Weir"
"1508",1996-07-28,0.000991818,7,"TW_Weir"
"1509",1996-07-29,0.002212292,7,"TW_Weir"
"1510",1996-07-30,0.003722292,7,"TW_Weir"
"1511",1996-07-31,0.00228125,7,"TW_Weir"
"1512",1996-08-01,0.001259167,8,"TW_Weir"
"1513",1996-08-02,0.000672292,8,"TW_Weir"
"1514",1996-08-03,0.000470833,8,"TW_Weir"
"1515",1996-08-04,0.000801667,8,"TW_Weir"
"1516",1996-08-05,0.000829792,8,"TW_Weir"
"1517",1996-08-06,0.00077,8,"TW_Weir"
"1518",1996-08-07,0.000667292,8,"TW_Weir"
"1519",1996-08-08,0.000452292,8,"TW_Weir"
"1520",1996-08-09,0.000444792,8,"TW_Weir"
"1521",1996-08-10,0.0006325,8,"TW_Weir"
"1522",1996-08-11,0.000935833,8,"TW_Weir"
"1523",1996-08-12,0.000624167,8,"TW_Weir"
"1524",1996-08-13,0.000293958,8,"TW_Weir"
"1525",1996-08-14,0.000207917,8,"TW_Weir"
"1526",1996-08-15,0.00019,8,"TW_Weir"
"1527",1996-08-16,0.000585,8,"TW_Weir"
"1528",1996-08-17,0.00143875,8,"TW_Weir"
"1529",1996-08-18,0.001086875,8,"TW_Weir"
"1530",1996-08-19,0.000738125,8,"TW_Weir"
"1531",1996-08-20,0.000487917,8,"TW_Weir"
"1532",1996-08-21,0.000399167,8,"TW_Weir"
"1533",1996-08-22,0.000392083,8,"TW_Weir"
"1534",1996-08-23,0.000472609,8,"TW_Weir"
"1535",1996-08-24,NA,8,"TW_Weir"
"1536",1996-08-25,NA,8,"TW_Weir"
"1537",1996-08-26,NA,8,"TW_Weir"
"1538",1996-08-27,NA,8,"TW_Weir"
"1539",1996-08-28,NA,8,"TW_Weir"
"1540",1996-08-29,NA,8,"TW_Weir"
"1541",1996-08-30,NA,8,"TW_Weir"
"1542",1996-08-31,NA,8,"TW_Weir"
"1543",1996-09-01,NA,9,"TW_Weir"
"1544",1996-09-02,NA,9,"TW_Weir"
"1545",1996-09-03,NA,9,"TW_Weir"
"1546",1996-09-04,NA,9,"TW_Weir"
"1547",1996-09-05,NA,9,"TW_Weir"
"1548",1996-09-06,NA,9,"TW_Weir"
"1549",1996-09-07,NA,9,"TW_Weir"
"1550",1996-09-08,NA,9,"TW_Weir"
"1551",1996-09-09,NA,9,"TW_Weir"
"1552",1996-09-10,NA,9,"TW_Weir"
"1553",1996-09-11,NA,9,"TW_Weir"
"1554",1996-09-12,NA,9,"TW_Weir"
"1555",1996-09-13,NA,9,"TW_Weir"
"1556",1996-09-14,NA,9,"TW_Weir"
"1557",1996-09-15,NA,9,"TW_Weir"
"1558",1996-09-16,NA,9,"TW_Weir"
"1559",1996-09-17,NA,9,"TW_Weir"
"1560",1996-09-18,NA,9,"TW_Weir"
"1561",1996-09-19,NA,9,"TW_Weir"
"1562",1996-09-20,NA,9,"TW_Weir"
"1563",1996-09-21,NA,9,"TW_Weir"
"1564",1996-09-22,NA,9,"TW_Weir"
"1565",1996-09-23,NA,9,"TW_Weir"
"1566",1996-09-24,NA,9,"TW_Weir"
"1567",1996-09-25,NA,9,"TW_Weir"
"1568",1996-09-26,NA,9,"TW_Weir"
"1569",1996-09-27,NA,9,"TW_Weir"
"1570",1996-09-28,NA,9,"TW_Weir"
"1571",1996-09-29,NA,9,"TW_Weir"
"1572",1996-09-30,NA,9,"TW_Weir"
"1785",1997-05-01,NA,5,"TW_Weir"
"1786",1997-05-02,NA,5,"TW_Weir"
"1787",1997-05-03,NA,5,"TW_Weir"
"1788",1997-05-04,NA,5,"TW_Weir"
"1789",1997-05-05,NA,5,"TW_Weir"
"1790",1997-05-06,NA,5,"TW_Weir"
"1791",1997-05-07,NA,5,"TW_Weir"
"1792",1997-05-08,NA,5,"TW_Weir"
"1793",1997-05-09,NA,5,"TW_Weir"
"1794",1997-05-10,NA,5,"TW_Weir"
"1795",1997-05-11,NA,5,"TW_Weir"
"1796",1997-05-12,NA,5,"TW_Weir"
"1797",1997-05-13,NA,5,"TW_Weir"
"1798",1997-05-14,NA,5,"TW_Weir"
"1799",1997-05-15,NA,5,"TW_Weir"
"1800",1997-05-16,NA,5,"TW_Weir"
"1801",1997-05-17,NA,5,"TW_Weir"
"1802",1997-05-18,NA,5,"TW_Weir"
"1803",1997-05-19,NA,5,"TW_Weir"
"1804",1997-05-20,NA,5,"TW_Weir"
"1805",1997-05-21,NA,5,"TW_Weir"
"1806",1997-05-22,NA,5,"TW_Weir"
"1807",1997-05-23,NA,5,"TW_Weir"
"1808",1997-05-24,NA,5,"TW_Weir"
"1809",1997-05-25,NA,5,"TW_Weir"
"1810",1997-05-26,NA,5,"TW_Weir"
"1811",1997-05-27,NA,5,"TW_Weir"
"1812",1997-05-28,NA,5,"TW_Weir"
"1813",1997-05-29,NA,5,"TW_Weir"
"1814",1997-05-30,NA,5,"TW_Weir"
"1815",1997-05-31,NA,5,"TW_Weir"
"1816",1997-06-01,NA,6,"TW_Weir"
"1817",1997-06-02,NA,6,"TW_Weir"
"1818",1997-06-03,NA,6,"TW_Weir"
"1819",1997-06-04,NA,6,"TW_Weir"
"1820",1997-06-05,NA,6,"TW_Weir"
"1821",1997-06-06,NA,6,"TW_Weir"
"1822",1997-06-07,NA,6,"TW_Weir"
"1823",1997-06-08,NA,6,"TW_Weir"
"1824",1997-06-09,NA,6,"TW_Weir"
"1825",1997-06-10,NA,6,"TW_Weir"
"1826",1997-06-11,NA,6,"TW_Weir"
"1827",1997-06-12,NA,6,"TW_Weir"
"1828",1997-06-13,NA,6,"TW_Weir"
"1829",1997-06-14,0.000934,6,"TW_Weir"
"1830",1997-06-15,0.016481667,6,"TW_Weir"
"1831",1997-06-16,0.005820417,6,"TW_Weir"
"1832",1997-06-17,0.002060833,6,"TW_Weir"
"1833",1997-06-18,0.001227083,6,"TW_Weir"
"1834",1997-06-19,0.000755833,6,"TW_Weir"
"1835",1997-06-20,0.000257826,6,"TW_Weir"
"1836",1997-06-21,0.00013125,6,"TW_Weir"
"1837",1997-06-22,4e-05,6,"TW_Weir"
"1838",1997-06-23,4e-05,6,"TW_Weir"
"1839",1997-06-24,4e-05,6,"TW_Weir"
"1840",1997-06-25,4e-05,6,"TW_Weir"
"1841",1997-06-26,4e-05,6,"TW_Weir"
"1842",1997-06-27,4e-05,6,"TW_Weir"
"1843",1997-06-28,4e-05,6,"TW_Weir"
"1844",1997-06-29,4e-05,6,"TW_Weir"
"1845",1997-06-30,4e-05,6,"TW_Weir"
"1846",1997-07-01,2.25e-05,7,"TW_Weir"
"1847",1997-07-02,0,7,"TW_Weir"
"1848",1997-07-03,0.022816667,7,"TW_Weir"
"1849",1997-07-04,0.00577625,7,"TW_Weir"
"1850",1997-07-05,0.002366667,7,"TW_Weir"
"1851",1997-07-06,0.0016325,7,"TW_Weir"
"1852",1997-07-07,0.00167,7,"TW_Weir"
"1853",1997-07-08,0.001615417,7,"TW_Weir"
"1854",1997-07-09,0.003,7,"TW_Weir"
"1855",1997-07-10,0.002989167,7,"TW_Weir"
"1856",1997-07-11,0.00198,7,"TW_Weir"
"1857",1997-07-12,0.001342917,7,"TW_Weir"
"1858",1997-07-13,0.001168333,7,"TW_Weir"
"1859",1997-07-14,0.0289125,7,"TW_Weir"
"1860",1997-07-15,0.007004167,7,"TW_Weir"
"1861",1997-07-16,0.005367917,7,"TW_Weir"
"1862",1997-07-17,0.00474875,7,"TW_Weir"
"1863",1997-07-18,0.004194167,7,"TW_Weir"
"1864",1997-07-19,0.00370125,7,"TW_Weir"
"1865",1997-07-20,0.003256667,7,"TW_Weir"
"1866",1997-07-21,0.002507083,7,"TW_Weir"
"1867",1997-07-22,0.002864167,7,"TW_Weir"
"1868",1997-07-23,0.002058333,7,"TW_Weir"
"1869",1997-07-24,0.001412083,7,"TW_Weir"
"1870",1997-07-25,0.001054583,7,"TW_Weir"
"1871",1997-07-26,0.001927917,7,"TW_Weir"
"1872",1997-07-27,0.006337917,7,"TW_Weir"
"1873",1997-07-28,0.004004583,7,"TW_Weir"
"1874",1997-07-29,0.001604583,7,"TW_Weir"
"1875",1997-07-30,0.000941667,7,"TW_Weir"
"1876",1997-07-31,0.000735417,7,"TW_Weir"
"1877",1997-08-01,0.00067,8,"TW_Weir"
"1878",1997-08-02,0.00067,8,"TW_Weir"
"1879",1997-08-03,0.000624167,8,"TW_Weir"
"1880",1997-08-04,0.00061,8,"TW_Weir"
"1881",1997-08-05,0.000585417,8,"TW_Weir"
"1882",1997-08-06,0.005472917,8,"TW_Weir"
"1883",1997-08-07,0.003820417,8,"TW_Weir"
"1884",1997-08-08,0.004339167,8,"TW_Weir"
"1885",1997-08-09,0.003025,8,"TW_Weir"
"1886",1997-08-10,0.00162625,8,"TW_Weir"
"1887",1997-08-11,0.00122625,8,"TW_Weir"
"1888",1997-08-12,0.00125375,8,"TW_Weir"
"1889",1997-08-13,0.016579091,8,"TW_Weir"
"1890",1997-08-14,NA,8,"TW_Weir"
"1891",1997-08-15,0.0037875,8,"TW_Weir"
"1892",1997-08-16,0.002112083,8,"TW_Weir"
"1893",1997-08-17,0.002476667,8,"TW_Weir"
"1894",1997-08-18,0.0034,8,"TW_Weir"
"1895",1997-08-19,0.002326923,8,"TW_Weir"
"1896",1997-08-20,NA,8,"TW_Weir"
"1897",1997-08-21,NA,8,"TW_Weir"
"1898",1997-08-22,NA,8,"TW_Weir"
"1899",1997-08-23,NA,8,"TW_Weir"
"1900",1997-08-24,NA,8,"TW_Weir"
"1901",1997-08-25,NA,8,"TW_Weir"
"1902",1997-08-26,NA,8,"TW_Weir"
"1903",1997-08-27,NA,8,"TW_Weir"
"1904",1997-08-28,NA,8,"TW_Weir"
"1905",1997-08-29,NA,8,"TW_Weir"
"1906",1997-08-30,NA,8,"TW_Weir"
"1907",1997-08-31,NA,8,"TW_Weir"
"1908",1997-09-01,NA,9,"TW_Weir"
"1909",1997-09-02,NA,9,"TW_Weir"
"1910",1997-09-03,NA,9,"TW_Weir"
"1911",1997-09-04,NA,9,"TW_Weir"
"1912",1997-09-05,NA,9,"TW_Weir"
"1913",1997-09-06,NA,9,"TW_Weir"
"1914",1997-09-07,NA,9,"TW_Weir"
"1915",1997-09-08,NA,9,"TW_Weir"
"1916",1997-09-09,NA,9,"TW_Weir"
"1917",1997-09-10,NA,9,"TW_Weir"
"1918",1997-09-11,NA,9,"TW_Weir"
"1919",1997-09-12,NA,9,"TW_Weir"
"1920",1997-09-13,NA,9,"TW_Weir"
"1921",1997-09-14,NA,9,"TW_Weir"
"1922",1997-09-15,NA,9,"TW_Weir"
"1923",1997-09-16,NA,9,"TW_Weir"
"1924",1997-09-17,NA,9,"TW_Weir"
"1925",1997-09-18,NA,9,"TW_Weir"
"1926",1997-09-19,NA,9,"TW_Weir"
"1927",1997-09-20,NA,9,"TW_Weir"
"1928",1997-09-21,NA,9,"TW_Weir"
"1929",1997-09-22,NA,9,"TW_Weir"
"1930",1997-09-23,NA,9,"TW_Weir"
"1931",1997-09-24,NA,9,"TW_Weir"
"1932",1997-09-25,NA,9,"TW_Weir"
"1933",1997-09-26,NA,9,"TW_Weir"
"1934",1997-09-27,NA,9,"TW_Weir"
"1935",1997-09-28,NA,9,"TW_Weir"
"1936",1997-09-29,NA,9,"TW_Weir"
"1937",1997-09-30,NA,9,"TW_Weir"
"2150",1998-05-01,NA,5,"TW_Weir"
"2151",1998-05-02,NA,5,"TW_Weir"
"2152",1998-05-03,NA,5,"TW_Weir"
"2153",1998-05-04,NA,5,"TW_Weir"
"2154",1998-05-05,NA,5,"TW_Weir"
"2155",1998-05-06,NA,5,"TW_Weir"
"2156",1998-05-07,NA,5,"TW_Weir"
"2157",1998-05-08,NA,5,"TW_Weir"
"2158",1998-05-09,NA,5,"TW_Weir"
"2159",1998-05-10,NA,5,"TW_Weir"
"2160",1998-05-11,NA,5,"TW_Weir"
"2161",1998-05-12,NA,5,"TW_Weir"
"2162",1998-05-13,NA,5,"TW_Weir"
"2163",1998-05-14,NA,5,"TW_Weir"
"2164",1998-05-15,NA,5,"TW_Weir"
"2165",1998-05-16,NA,5,"TW_Weir"
"2166",1998-05-17,NA,5,"TW_Weir"
"2167",1998-05-18,NA,5,"TW_Weir"
"2168",1998-05-19,NA,5,"TW_Weir"
"2169",1998-05-20,NA,5,"TW_Weir"
"2170",1998-05-21,NA,5,"TW_Weir"
"2171",1998-05-22,NA,5,"TW_Weir"
"2172",1998-05-23,NA,5,"TW_Weir"
"2173",1998-05-24,NA,5,"TW_Weir"
"2174",1998-05-25,NA,5,"TW_Weir"
"2175",1998-05-26,NA,5,"TW_Weir"
"2176",1998-05-27,NA,5,"TW_Weir"
"2177",1998-05-28,NA,5,"TW_Weir"
"2178",1998-05-29,NA,5,"TW_Weir"
"2179",1998-05-30,NA,5,"TW_Weir"
"2180",1998-05-31,NA,5,"TW_Weir"
"2181",1998-06-01,NA,6,"TW_Weir"
"2182",1998-06-02,NA,6,"TW_Weir"
"2183",1998-06-03,NA,6,"TW_Weir"
"2184",1998-06-04,NA,6,"TW_Weir"
"2185",1998-06-05,NA,6,"TW_Weir"
"2186",1998-06-06,NA,6,"TW_Weir"
"2187",1998-06-07,NA,6,"TW_Weir"
"2188",1998-06-08,NA,6,"TW_Weir"
"2189",1998-06-09,NA,6,"TW_Weir"
"2190",1998-06-10,NA,6,"TW_Weir"
"2191",1998-06-11,NA,6,"TW_Weir"
"2192",1998-06-12,NA,6,"TW_Weir"
"2193",1998-06-13,NA,6,"TW_Weir"
"2194",1998-06-14,NA,6,"TW_Weir"
"2195",1998-06-15,NA,6,"TW_Weir"
"2196",1998-06-16,NA,6,"TW_Weir"
"2197",1998-06-17,0.001206364,6,"TW_Weir"
"2198",1998-06-18,0.000773611,6,"TW_Weir"
"2199",1998-06-19,0.000456667,6,"TW_Weir"
"2200",1998-06-20,0.000451528,6,"TW_Weir"
"2201",1998-06-21,0.00061875,6,"TW_Weir"
"2202",1998-06-22,0.001164028,6,"TW_Weir"
"2203",1998-06-23,0.001497222,6,"TW_Weir"
"2204",1998-06-24,0.001212639,6,"TW_Weir"
"2205",1998-06-25,0.000852222,6,"TW_Weir"
"2206",1998-06-26,0.005415833,6,"TW_Weir"
"2207",1998-06-27,0.003427639,6,"TW_Weir"
"2208",1998-06-28,0.001432361,6,"TW_Weir"
"2209",1998-06-29,0.000637361,6,"TW_Weir"
"2210",1998-06-30,0.000264861,6,"TW_Weir"
"2211",1998-07-01,0.000154583,7,"TW_Weir"
"2212",1998-07-02,0.000319583,7,"TW_Weir"
"2213",1998-07-03,0.000227917,7,"TW_Weir"
"2214",1998-07-04,8.53e-05,7,"TW_Weir"
"2215",1998-07-05,0.000124861,7,"TW_Weir"
"2216",1998-07-06,2.96e-05,7,"TW_Weir"
"2217",1998-07-07,3e-05,7,"TW_Weir"
"2218",1998-07-08,3e-05,7,"TW_Weir"
"2219",1998-07-09,3e-05,7,"TW_Weir"
"2220",1998-07-10,1.92e-05,7,"TW_Weir"
"2221",1998-07-11,0,7,"TW_Weir"
"2222",1998-07-12,0,7,"TW_Weir"
"2223",1998-07-13,0,7,"TW_Weir"
"2224",1998-07-14,0,7,"TW_Weir"
"2225",1998-07-15,0,7,"TW_Weir"
"2226",1998-07-16,0,7,"TW_Weir"
"2227",1998-07-17,0,7,"TW_Weir"
"2228",1998-07-18,0,7,"TW_Weir"
"2229",1998-07-19,0,7,"TW_Weir"
"2230",1998-07-20,0,7,"TW_Weir"
"2231",1998-07-21,0,7,"TW_Weir"
"2232",1998-07-22,0,7,"TW_Weir"
"2233",1998-07-23,0,7,"TW_Weir"
"2234",1998-07-24,0,7,"TW_Weir"
"2235",1998-07-25,0,7,"TW_Weir"
"2236",1998-07-26,6.67e-05,7,"TW_Weir"
"2237",1998-07-27,0.003272222,7,"TW_Weir"
"2238",1998-07-28,0.004250417,7,"TW_Weir"
"2239",1998-07-29,0.002275694,7,"TW_Weir"
"2240",1998-07-30,0.001937917,7,"TW_Weir"
"2241",1998-07-31,0.00201375,7,"TW_Weir"
"2242",1998-08-01,0.002347778,8,"TW_Weir"
"2243",1998-08-02,0.003048611,8,"TW_Weir"
"2244",1998-08-03,0.003942361,8,"TW_Weir"
"2245",1998-08-04,0.006680972,8,"TW_Weir"
"2246",1998-08-05,0.003798056,8,"TW_Weir"
"2247",1998-08-06,0.003110417,8,"TW_Weir"
"2248",1998-08-07,0.003042361,8,"TW_Weir"
"2249",1998-08-08,0.002683333,8,"TW_Weir"
"2250",1998-08-09,0.00203125,8,"TW_Weir"
"2251",1998-08-10,0.001832083,8,"TW_Weir"
"2252",1998-08-11,0.004429167,8,"TW_Weir"
"2253",1998-08-12,0.003520476,8,"TW_Weir"
"2254",1998-08-13,0.002716667,8,"TW_Weir"
"2255",1998-08-14,0.002211875,8,"TW_Weir"
"2256",1998-08-15,0.001740417,8,"TW_Weir"
"2257",1998-08-16,0.002274583,8,"TW_Weir"
"2258",1998-08-17,0.003680625,8,"TW_Weir"
"2259",1998-08-18,0.005063958,8,"TW_Weir"
"2260",1998-08-19,0.003956552,8,"TW_Weir"
"2261",1998-08-20,NA,8,"TW_Weir"
"2262",1998-08-21,NA,8,"TW_Weir"
"2263",1998-08-22,NA,8,"TW_Weir"
"2264",1998-08-23,NA,8,"TW_Weir"
"2265",1998-08-24,NA,8,"TW_Weir"
"2266",1998-08-25,NA,8,"TW_Weir"
"2267",1998-08-26,NA,8,"TW_Weir"
"2268",1998-08-27,NA,8,"TW_Weir"
"2269",1998-08-28,NA,8,"TW_Weir"
"2270",1998-08-29,NA,8,"TW_Weir"
"2271",1998-08-30,NA,8,"TW_Weir"
"2272",1998-08-31,NA,8,"TW_Weir"
"2273",1998-09-01,NA,9,"TW_Weir"
"2274",1998-09-02,NA,9,"TW_Weir"
"2275",1998-09-03,NA,9,"TW_Weir"
"2276",1998-09-04,NA,9,"TW_Weir"
"2277",1998-09-05,NA,9,"TW_Weir"
"2278",1998-09-06,NA,9,"TW_Weir"
"2279",1998-09-07,NA,9,"TW_Weir"
"2280",1998-09-08,NA,9,"TW_Weir"
"2281",1998-09-09,NA,9,"TW_Weir"
"2282",1998-09-10,NA,9,"TW_Weir"
"2283",1998-09-11,NA,9,"TW_Weir"
"2284",1998-09-12,NA,9,"TW_Weir"
"2285",1998-09-13,NA,9,"TW_Weir"
"2286",1998-09-14,NA,9,"TW_Weir"
"2287",1998-09-15,NA,9,"TW_Weir"
"2288",1998-09-16,NA,9,"TW_Weir"
"2289",1998-09-17,NA,9,"TW_Weir"
"2290",1998-09-18,NA,9,"TW_Weir"
"2291",1998-09-19,NA,9,"TW_Weir"
"2292",1998-09-20,NA,9,"TW_Weir"
"2293",1998-09-21,NA,9,"TW_Weir"
"2294",1998-09-22,NA,9,"TW_Weir"
"2295",1998-09-23,NA,9,"TW_Weir"
"2296",1998-09-24,NA,9,"TW_Weir"
"2297",1998-09-25,NA,9,"TW_Weir"
"2298",1998-09-26,NA,9,"TW_Weir"
"2299",1998-09-27,NA,9,"TW_Weir"
"2300",1998-09-28,NA,9,"TW_Weir"
"2301",1998-09-29,NA,9,"TW_Weir"
"2302",1998-09-30,NA,9,"TW_Weir"
"2515",1999-05-01,NA,5,"TW_Weir"
"2516",1999-05-02,NA,5,"TW_Weir"
"2517",1999-05-03,NA,5,"TW_Weir"
"2518",1999-05-04,NA,5,"TW_Weir"
"2519",1999-05-05,NA,5,"TW_Weir"
"2520",1999-05-06,NA,5,"TW_Weir"
"2521",1999-05-07,NA,5,"TW_Weir"
"2522",1999-05-08,NA,5,"TW_Weir"
"2523",1999-05-09,NA,5,"TW_Weir"
"2524",1999-05-10,NA,5,"TW_Weir"
"2525",1999-05-11,NA,5,"TW_Weir"
"2526",1999-05-12,NA,5,"TW_Weir"
"2527",1999-05-13,NA,5,"TW_Weir"
"2528",1999-05-14,NA,5,"TW_Weir"
"2529",1999-05-15,NA,5,"TW_Weir"
"2530",1999-05-16,NA,5,"TW_Weir"
"2531",1999-05-17,NA,5,"TW_Weir"
"2532",1999-05-18,NA,5,"TW_Weir"
"2533",1999-05-19,NA,5,"TW_Weir"
"2534",1999-05-20,NA,5,"TW_Weir"
"2535",1999-05-21,NA,5,"TW_Weir"
"2536",1999-05-22,NA,5,"TW_Weir"
"2537",1999-05-23,NA,5,"TW_Weir"
"2538",1999-05-24,NA,5,"TW_Weir"
"2539",1999-05-25,NA,5,"TW_Weir"
"2540",1999-05-26,NA,5,"TW_Weir"
"2541",1999-05-27,NA,5,"TW_Weir"
"2542",1999-05-28,NA,5,"TW_Weir"
"2543",1999-05-29,NA,5,"TW_Weir"
"2544",1999-05-30,NA,5,"TW_Weir"
"2545",1999-05-31,NA,5,"TW_Weir"
"2546",1999-06-01,NA,6,"TW_Weir"
"2547",1999-06-02,NA,6,"TW_Weir"
"2548",1999-06-03,NA,6,"TW_Weir"
"2549",1999-06-04,NA,6,"TW_Weir"
"2550",1999-06-05,NA,6,"TW_Weir"
"2551",1999-06-06,0.000301875,6,"TW_Weir"
"2552",1999-06-07,0.000193542,6,"TW_Weir"
"2553",1999-06-08,0.00012125,6,"TW_Weir"
"2554",1999-06-09,0.001347708,6,"TW_Weir"
"2555",1999-06-10,0.00342875,6,"TW_Weir"
"2556",1999-06-11,0.001313333,6,"TW_Weir"
"2557",1999-06-12,0.000464583,6,"TW_Weir"
"2558",1999-06-13,0.000177292,6,"TW_Weir"
"2559",1999-06-14,0.000116042,6,"TW_Weir"
"2560",1999-06-15,0.000105208,6,"TW_Weir"
"2561",1999-06-16,0.000124167,6,"TW_Weir"
"2562",1999-06-17,0.000222917,6,"TW_Weir"
"2563",1999-06-18,0.015867708,6,"TW_Weir"
"2564",1999-06-19,0.00816875,6,"TW_Weir"
"2565",1999-06-20,0.00257625,6,"TW_Weir"
"2566",1999-06-21,0.00130375,6,"TW_Weir"
"2567",1999-06-22,0.000818542,6,"TW_Weir"
"2568",1999-06-23,0.000707917,6,"TW_Weir"
"2569",1999-06-24,0.000608542,6,"TW_Weir"
"2570",1999-06-25,0.000498958,6,"TW_Weir"
"2571",1999-06-26,0.000403125,6,"TW_Weir"
"2572",1999-06-27,0.000335208,6,"TW_Weir"
"2573",1999-06-28,0.00028,6,"TW_Weir"
"2574",1999-06-29,0.000266667,6,"TW_Weir"
"2575",1999-06-30,0.00025,6,"TW_Weir"
"2576",1999-07-01,0.000198542,7,"TW_Weir"
"2577",1999-07-02,9.19e-05,7,"TW_Weir"
"2578",1999-07-03,7.48e-05,7,"TW_Weir"
"2579",1999-07-04,6.33e-05,7,"TW_Weir"
"2580",1999-07-05,9.82e-05,7,"TW_Weir"
"2581",1999-07-06,0.000103958,7,"TW_Weir"
"2582",1999-07-07,0.001035417,7,"TW_Weir"
"2583",1999-07-08,0.002277083,7,"TW_Weir"
"2584",1999-07-09,0.001418125,7,"TW_Weir"
"2585",1999-07-10,0.00064625,7,"TW_Weir"
"2586",1999-07-11,0.000336042,7,"TW_Weir"
"2587",1999-07-12,0.000185417,7,"TW_Weir"
"2588",1999-07-13,0.000107917,7,"TW_Weir"
"2589",1999-07-14,6.21e-05,7,"TW_Weir"
"2590",1999-07-15,4.46e-05,7,"TW_Weir"
"2591",1999-07-16,0.00019125,7,"TW_Weir"
"2592",1999-07-17,0.026448958,7,"TW_Weir"
"2593",1999-07-18,0.016422292,7,"TW_Weir"
"2594",1999-07-19,0.00397875,7,"TW_Weir"
"2595",1999-07-20,0.001961458,7,"TW_Weir"
"2596",1999-07-21,0.00658375,7,"TW_Weir"
"2597",1999-07-22,0.004534167,7,"TW_Weir"
"2598",1999-07-23,0.004163958,7,"TW_Weir"
"2599",1999-07-24,0.002094375,7,"TW_Weir"
"2600",1999-07-25,0.000917708,7,"TW_Weir"
"2601",1999-07-26,0.000465,7,"TW_Weir"
"2602",1999-07-27,0.000275833,7,"TW_Weir"
"2603",1999-07-28,0.00019875,7,"TW_Weir"
"2604",1999-07-29,0.00014375,7,"TW_Weir"
"2605",1999-07-30,8.21e-05,7,"TW_Weir"
"2606",1999-07-31,5.46e-05,7,"TW_Weir"
"2607",1999-08-01,4.1e-05,8,"TW_Weir"
"2608",1999-08-02,2.69e-05,8,"TW_Weir"
"2609",1999-08-03,2e-05,8,"TW_Weir"
"2610",1999-08-04,2e-05,8,"TW_Weir"
"2611",1999-08-05,1.58e-05,8,"TW_Weir"
"2612",1999-08-06,1e-05,8,"TW_Weir"
"2613",1999-08-07,1.06e-05,8,"TW_Weir"
"2614",1999-08-08,0.002719375,8,"TW_Weir"
"2615",1999-08-09,0.004892292,8,"TW_Weir"
"2616",1999-08-10,0.002095625,8,"TW_Weir"
"2617",1999-08-11,0.001482708,8,"TW_Weir"
"2618",1999-08-12,0.001193542,8,"TW_Weir"
"2619",1999-08-13,0.003003125,8,"TW_Weir"
"2620",1999-08-14,0.002439583,8,"TW_Weir"
"2621",1999-08-15,0.003725,8,"TW_Weir"
"2622",1999-08-16,0.003480208,8,"TW_Weir"
"2623",1999-08-17,0.002344792,8,"TW_Weir"
"2624",1999-08-18,0.001683958,8,"TW_Weir"
"2625",1999-08-19,0.001423,8,"TW_Weir"
"2626",1999-08-20,NA,8,"TW_Weir"
"2627",1999-08-21,NA,8,"TW_Weir"
"2628",1999-08-22,NA,8,"TW_Weir"
"2629",1999-08-23,NA,8,"TW_Weir"
"2630",1999-08-24,NA,8,"TW_Weir"
"2631",1999-08-25,NA,8,"TW_Weir"
"2632",1999-08-26,NA,8,"TW_Weir"
"2633",1999-08-27,NA,8,"TW_Weir"
"2634",1999-08-28,NA,8,"TW_Weir"
"2635",1999-08-29,NA,8,"TW_Weir"
"2636",1999-08-30,NA,8,"TW_Weir"
"2637",1999-08-31,NA,8,"TW_Weir"
"2638",1999-09-01,NA,9,"TW_Weir"
"2639",1999-09-02,NA,9,"TW_Weir"
"2640",1999-09-03,NA,9,"TW_Weir"
"2641",1999-09-04,NA,9,"TW_Weir"
"2642",1999-09-05,NA,9,"TW_Weir"
"2643",1999-09-06,NA,9,"TW_Weir"
"2644",1999-09-07,NA,9,"TW_Weir"
"2645",1999-09-08,NA,9,"TW_Weir"
"2646",1999-09-09,NA,9,"TW_Weir"
"2647",1999-09-10,NA,9,"TW_Weir"
"2648",1999-09-11,NA,9,"TW_Weir"
"2649",1999-09-12,NA,9,"TW_Weir"
"2650",1999-09-13,NA,9,"TW_Weir"
"2651",1999-09-14,NA,9,"TW_Weir"
"2652",1999-09-15,NA,9,"TW_Weir"
"2653",1999-09-16,NA,9,"TW_Weir"
"2654",1999-09-17,NA,9,"TW_Weir"
"2655",1999-09-18,NA,9,"TW_Weir"
"2656",1999-09-19,NA,9,"TW_Weir"
"2657",1999-09-20,NA,9,"TW_Weir"
"2658",1999-09-21,NA,9,"TW_Weir"
"2659",1999-09-22,NA,9,"TW_Weir"
"2660",1999-09-23,NA,9,"TW_Weir"
"2661",1999-09-24,NA,9,"TW_Weir"
"2662",1999-09-25,NA,9,"TW_Weir"
"2663",1999-09-26,NA,9,"TW_Weir"
"2664",1999-09-27,NA,9,"TW_Weir"
"2665",1999-09-28,NA,9,"TW_Weir"
"2666",1999-09-29,NA,9,"TW_Weir"
"2667",1999-09-30,NA,9,"TW_Weir"
"2881",2000-05-01,NA,5,"TW_Weir"
"2882",2000-05-02,NA,5,"TW_Weir"
"2883",2000-05-03,NA,5,"TW_Weir"
"2884",2000-05-04,NA,5,"TW_Weir"
"2885",2000-05-05,NA,5,"TW_Weir"
"2886",2000-05-06,NA,5,"TW_Weir"
"2887",2000-05-07,NA,5,"TW_Weir"
"2888",2000-05-08,NA,5,"TW_Weir"
"2889",2000-05-09,NA,5,"TW_Weir"
"2890",2000-05-10,NA,5,"TW_Weir"
"2891",2000-05-11,NA,5,"TW_Weir"
"2892",2000-05-12,NA,5,"TW_Weir"
"2893",2000-05-13,NA,5,"TW_Weir"
"2894",2000-05-14,NA,5,"TW_Weir"
"2895",2000-05-15,NA,5,"TW_Weir"
"2896",2000-05-16,NA,5,"TW_Weir"
"2897",2000-05-17,NA,5,"TW_Weir"
"2898",2000-05-18,NA,5,"TW_Weir"
"2899",2000-05-19,NA,5,"TW_Weir"
"2900",2000-05-20,NA,5,"TW_Weir"
"2901",2000-05-21,NA,5,"TW_Weir"
"2902",2000-05-22,NA,5,"TW_Weir"
"2903",2000-05-23,NA,5,"TW_Weir"
"2904",2000-05-24,NA,5,"TW_Weir"
"2905",2000-05-25,NA,5,"TW_Weir"
"2906",2000-05-26,NA,5,"TW_Weir"
"2907",2000-05-27,NA,5,"TW_Weir"
"2908",2000-05-28,NA,5,"TW_Weir"
"2909",2000-05-29,NA,5,"TW_Weir"
"2910",2000-05-30,NA,5,"TW_Weir"
"2911",2000-05-31,NA,5,"TW_Weir"
"2912",2000-06-01,NA,6,"TW_Weir"
"2913",2000-06-02,NA,6,"TW_Weir"
"2914",2000-06-03,NA,6,"TW_Weir"
"2915",2000-06-04,NA,6,"TW_Weir"
"2916",2000-06-05,NA,6,"TW_Weir"
"2917",2000-06-06,NA,6,"TW_Weir"
"2918",2000-06-07,NA,6,"TW_Weir"
"2919",2000-06-08,NA,6,"TW_Weir"
"2920",2000-06-09,NA,6,"TW_Weir"
"2921",2000-06-10,NA,6,"TW_Weir"
"2922",2000-06-11,NA,6,"TW_Weir"
"2923",2000-06-12,NA,6,"TW_Weir"
"2924",2000-06-13,NA,6,"TW_Weir"
"2925",2000-06-14,NA,6,"TW_Weir"
"2926",2000-06-15,NA,6,"TW_Weir"
"2927",2000-06-16,NA,6,"TW_Weir"
"2928",2000-06-17,NA,6,"TW_Weir"
"2929",2000-06-18,NA,6,"TW_Weir"
"2930",2000-06-19,NA,6,"TW_Weir"
"2931",2000-06-20,NA,6,"TW_Weir"
"2932",2000-06-21,NA,6,"TW_Weir"
"2933",2000-06-22,NA,6,"TW_Weir"
"2934",2000-06-23,0.00058,6,"TW_Weir"
"2935",2000-06-24,NA,6,"TW_Weir"
"2936",2000-06-25,NA,6,"TW_Weir"
"2937",2000-06-26,NA,6,"TW_Weir"
"2938",2000-06-27,0.00013,6,"TW_Weir"
"2939",2000-06-28,0.001524444,6,"TW_Weir"
"2940",2000-06-29,0.001241556,6,"TW_Weir"
"2941",2000-06-30,NA,6,"TW_Weir"
"2942",2000-07-01,NA,7,"TW_Weir"
"2943",2000-07-02,0.003686429,7,"TW_Weir"
"2944",2000-07-03,0.002492245,7,"TW_Weir"
"2945",2000-07-04,0.002676327,7,"TW_Weir"
"2946",2000-07-05,0.006520833,7,"TW_Weir"
"2947",2000-07-06,0.003333958,7,"TW_Weir"
"2948",2000-07-07,0.001761765,7,"TW_Weir"
"2949",2000-07-08,NA,7,"TW_Weir"
"2950",2000-07-09,NA,7,"TW_Weir"
"2951",2000-07-10,NA,7,"TW_Weir"
"2952",2000-07-11,NA,7,"TW_Weir"
"2953",2000-07-12,0.00025,7,"TW_Weir"
"2954",2000-07-13,NA,7,"TW_Weir"
"2955",2000-07-14,0,7,"TW_Weir"
"2956",2000-07-15,NA,7,"TW_Weir"
"2957",2000-07-16,NA,7,"TW_Weir"
"2958",2000-07-17,2e-05,7,"TW_Weir"
"2959",2000-07-18,0.004876111,7,"TW_Weir"
"2960",2000-07-19,0.005856531,7,"TW_Weir"
"2961",2000-07-20,0.002957222,7,"TW_Weir"
"2962",2000-07-21,0.00134,7,"TW_Weir"
"2963",2000-07-22,NA,7,"TW_Weir"
"2964",2000-07-23,NA,7,"TW_Weir"
"2965",2000-07-24,3e-04,7,"TW_Weir"
"2966",2000-07-25,NA,7,"TW_Weir"
"2967",2000-07-26,NA,7,"TW_Weir"
"2968",2000-07-27,NA,7,"TW_Weir"
"2969",2000-07-28,NA,7,"TW_Weir"
"2970",2000-07-29,NA,7,"TW_Weir"
"2971",2000-07-30,NA,7,"TW_Weir"
"2972",2000-07-31,NA,7,"TW_Weir"
"2973",2000-08-01,8e-05,8,"TW_Weir"
"2974",2000-08-02,NA,8,"TW_Weir"
"2975",2000-08-03,NA,8,"TW_Weir"
"2976",2000-08-04,NA,8,"TW_Weir"
"2977",2000-08-05,NA,8,"TW_Weir"
"2978",2000-08-06,NA,8,"TW_Weir"
"2979",2000-08-07,4e-05,8,"TW_Weir"
"2980",2000-08-08,NA,8,"TW_Weir"
"2981",2000-08-09,NA,8,"TW_Weir"
"2982",2000-08-10,NA,8,"TW_Weir"
"2983",2000-08-11,NA,8,"TW_Weir"
"2984",2000-08-12,NA,8,"TW_Weir"
"2985",2000-08-13,NA,8,"TW_Weir"
"2986",2000-08-14,NA,8,"TW_Weir"
"2987",2000-08-15,NA,8,"TW_Weir"
"2988",2000-08-16,NA,8,"TW_Weir"
"2989",2000-08-17,NA,8,"TW_Weir"
"2990",2000-08-18,NA,8,"TW_Weir"
"2991",2000-08-19,NA,8,"TW_Weir"
"2992",2000-08-20,NA,8,"TW_Weir"
"2993",2000-08-21,NA,8,"TW_Weir"
"2994",2000-08-22,NA,8,"TW_Weir"
"2995",2000-08-23,NA,8,"TW_Weir"
"2996",2000-08-24,NA,8,"TW_Weir"
"2997",2000-08-25,NA,8,"TW_Weir"
"2998",2000-08-26,NA,8,"TW_Weir"
"2999",2000-08-27,NA,8,"TW_Weir"
"3000",2000-08-28,NA,8,"TW_Weir"
"3001",2000-08-29,NA,8,"TW_Weir"
"3002",2000-08-30,NA,8,"TW_Weir"
"3003",2000-08-31,NA,8,"TW_Weir"
"3004",2000-09-01,NA,9,"TW_Weir"
"3005",2000-09-02,NA,9,"TW_Weir"
"3006",2000-09-03,NA,9,"TW_Weir"
"3007",2000-09-04,NA,9,"TW_Weir"
"3008",2000-09-05,NA,9,"TW_Weir"
"3009",2000-09-06,NA,9,"TW_Weir"
"3010",2000-09-07,NA,9,"TW_Weir"
"3011",2000-09-08,NA,9,"TW_Weir"
"3012",2000-09-09,NA,9,"TW_Weir"
"3013",2000-09-10,NA,9,"TW_Weir"
"3014",2000-09-11,NA,9,"TW_Weir"
"3015",2000-09-12,NA,9,"TW_Weir"
"3016",2000-09-13,NA,9,"TW_Weir"
"3017",2000-09-14,NA,9,"TW_Weir"
"3018",2000-09-15,NA,9,"TW_Weir"
"3019",2000-09-16,NA,9,"TW_Weir"
"3020",2000-09-17,NA,9,"TW_Weir"
"3021",2000-09-18,NA,9,"TW_Weir"
"3022",2000-09-19,NA,9,"TW_Weir"
"3023",2000-09-20,NA,9,"TW_Weir"
"3024",2000-09-21,NA,9,"TW_Weir"
"3025",2000-09-22,NA,9,"TW_Weir"
"3026",2000-09-23,NA,9,"TW_Weir"
"3027",2000-09-24,NA,9,"TW_Weir"
"3028",2000-09-25,NA,9,"TW_Weir"
"3029",2000-09-26,NA,9,"TW_Weir"
"3030",2000-09-27,NA,9,"TW_Weir"
"3031",2000-09-28,NA,9,"TW_Weir"
"3032",2000-09-29,NA,9,"TW_Weir"
"3033",2000-09-30,NA,9,"TW_Weir"
"3246",2001-05-01,NA,5,"TW_Weir"
"3247",2001-05-02,NA,5,"TW_Weir"
"3248",2001-05-03,NA,5,"TW_Weir"
"3249",2001-05-04,NA,5,"TW_Weir"
"3250",2001-05-05,NA,5,"TW_Weir"
"3251",2001-05-06,NA,5,"TW_Weir"
"3252",2001-05-07,NA,5,"TW_Weir"
"3253",2001-05-08,NA,5,"TW_Weir"
"3254",2001-05-09,NA,5,"TW_Weir"
"3255",2001-05-10,NA,5,"TW_Weir"
"3256",2001-05-11,NA,5,"TW_Weir"
"3257",2001-05-12,NA,5,"TW_Weir"
"3258",2001-05-13,NA,5,"TW_Weir"
"3259",2001-05-14,NA,5,"TW_Weir"
"3260",2001-05-15,NA,5,"TW_Weir"
"3261",2001-05-16,NA,5,"TW_Weir"
"3262",2001-05-17,NA,5,"TW_Weir"
"3263",2001-05-18,NA,5,"TW_Weir"
"3264",2001-05-19,NA,5,"TW_Weir"
"3265",2001-05-20,NA,5,"TW_Weir"
"3266",2001-05-21,NA,5,"TW_Weir"
"3267",2001-05-22,NA,5,"TW_Weir"
"3268",2001-05-23,NA,5,"TW_Weir"
"3269",2001-05-24,NA,5,"TW_Weir"
"3270",2001-05-25,NA,5,"TW_Weir"
"3271",2001-05-26,NA,5,"TW_Weir"
"3272",2001-05-27,NA,5,"TW_Weir"
"3273",2001-05-28,NA,5,"TW_Weir"
"3274",2001-05-29,NA,5,"TW_Weir"
"3275",2001-05-30,NA,5,"TW_Weir"
"3276",2001-05-31,NA,5,"TW_Weir"
"3277",2001-06-01,NA,6,"TW_Weir"
"3278",2001-06-02,NA,6,"TW_Weir"
"3279",2001-06-03,NA,6,"TW_Weir"
"3280",2001-06-04,NA,6,"TW_Weir"
"3281",2001-06-05,NA,6,"TW_Weir"
"3282",2001-06-06,NA,6,"TW_Weir"
"3283",2001-06-07,NA,6,"TW_Weir"
"3284",2001-06-08,NA,6,"TW_Weir"
"3285",2001-06-09,NA,6,"TW_Weir"
"3286",2001-06-10,NA,6,"TW_Weir"
"3287",2001-06-11,NA,6,"TW_Weir"
"3288",2001-06-12,NA,6,"TW_Weir"
"3289",2001-06-13,NA,6,"TW_Weir"
"3290",2001-06-14,NA,6,"TW_Weir"
"3291",2001-06-15,NA,6,"TW_Weir"
"3292",2001-06-16,NA,6,"TW_Weir"
"3293",2001-06-17,NA,6,"TW_Weir"
"3294",2001-06-18,NA,6,"TW_Weir"
"3295",2001-06-19,NA,6,"TW_Weir"
"3296",2001-06-20,NA,6,"TW_Weir"
"3297",2001-06-21,NA,6,"TW_Weir"
"3298",2001-06-22,NA,6,"TW_Weir"
"3299",2001-06-23,0.001716596,6,"TW_Weir"
"3300",2001-06-24,0.000599375,6,"TW_Weir"
"3301",2001-06-25,0.000217708,6,"TW_Weir"
"3302",2001-06-26,0.0006275,6,"TW_Weir"
"3303",2001-06-27,0.015050417,6,"TW_Weir"
"3304",2001-06-28,0.008591875,6,"TW_Weir"
"3305",2001-06-29,0.002275208,6,"TW_Weir"
"3306",2001-06-30,0.00091125,6,"TW_Weir"
"3307",2001-07-01,0.000425417,7,"TW_Weir"
"3308",2001-07-02,0.000271667,7,"TW_Weir"
"3309",2001-07-03,0.000115417,7,"TW_Weir"
"3310",2001-07-04,0.000145417,7,"TW_Weir"
"3311",2001-07-05,0.000473958,7,"TW_Weir"
"3312",2001-07-06,0.003333333,7,"TW_Weir"
"3313",2001-07-07,0.008894375,7,"TW_Weir"
"3314",2001-07-08,0.0027725,7,"TW_Weir"
"3315",2001-07-09,0.001073542,7,"TW_Weir"
"3316",2001-07-10,0.000559583,7,"TW_Weir"
"3317",2001-07-11,0.000501875,7,"TW_Weir"
"3318",2001-07-12,0.000477917,7,"TW_Weir"
"3319",2001-07-13,0.000402708,7,"TW_Weir"
"3320",2001-07-14,0.000236458,7,"TW_Weir"
"3321",2001-07-15,0.000118958,7,"TW_Weir"
"3322",2001-07-16,5.83e-05,7,"TW_Weir"
"3323",2001-07-17,2e-05,7,"TW_Weir"
"3324",2001-07-18,2e-05,7,"TW_Weir"
"3325",2001-07-19,3.83e-05,7,"TW_Weir"
"3326",2001-07-20,7.81e-05,7,"TW_Weir"
"3327",2001-07-21,0.00056125,7,"TW_Weir"
"3328",2001-07-22,0.000717083,7,"TW_Weir"
"3329",2001-07-23,0.002205,7,"TW_Weir"
"3330",2001-07-24,0.004627083,7,"TW_Weir"
"3331",2001-07-25,0.004858333,7,"TW_Weir"
"3332",2001-07-26,0.003141875,7,"TW_Weir"
"3333",2001-07-27,0.001522083,7,"TW_Weir"
"3334",2001-07-28,0.000954583,7,"TW_Weir"
"3335",2001-07-29,0.005379583,7,"TW_Weir"
"3336",2001-07-30,0.006073125,7,"TW_Weir"
"3337",2001-07-31,0.003398958,7,"TW_Weir"
"3338",2001-08-01,0.001379375,8,"TW_Weir"
"3339",2001-08-02,0.001709583,8,"TW_Weir"
"3340",2001-08-03,0.002339167,8,"TW_Weir"
"3341",2001-08-04,0.003814375,8,"TW_Weir"
"3342",2001-08-05,0.002596458,8,"TW_Weir"
"3343",2001-08-06,0.001720833,8,"TW_Weir"
"3344",2001-08-07,0.001166667,8,"TW_Weir"
"3345",2001-08-08,0.000761042,8,"TW_Weir"
"3346",2001-08-09,0.000819375,8,"TW_Weir"
"3347",2001-08-10,0.001730417,8,"TW_Weir"
"3348",2001-08-11,0.003529792,8,"TW_Weir"
"3349",2001-08-12,0.002555625,8,"TW_Weir"
"3350",2001-08-13,0.002229167,8,"TW_Weir"
"3351",2001-08-14,0.007079792,8,"TW_Weir"
"3352",2001-08-15,0.010621042,8,"TW_Weir"
"3353",2001-08-16,0.009219167,8,"TW_Weir"
"3354",2001-08-17,0.010167742,8,"TW_Weir"
"3355",2001-08-18,NA,8,"TW_Weir"
"3356",2001-08-19,NA,8,"TW_Weir"
"3357",2001-08-20,NA,8,"TW_Weir"
"3358",2001-08-21,NA,8,"TW_Weir"
"3359",2001-08-22,NA,8,"TW_Weir"
"3360",2001-08-23,NA,8,"TW_Weir"
"3361",2001-08-24,NA,8,"TW_Weir"
"3362",2001-08-25,NA,8,"TW_Weir"
"3363",2001-08-26,NA,8,"TW_Weir"
"3364",2001-08-27,NA,8,"TW_Weir"
"3365",2001-08-28,NA,8,"TW_Weir"
"3366",2001-08-29,NA,8,"TW_Weir"
"3367",2001-08-30,NA,8,"TW_Weir"
"3368",2001-08-31,NA,8,"TW_Weir"
"3369",2001-09-01,NA,9,"TW_Weir"
"3370",2001-09-02,NA,9,"TW_Weir"
"3371",2001-09-03,NA,9,"TW_Weir"
"3372",2001-09-04,NA,9,"TW_Weir"
"3373",2001-09-05,NA,9,"TW_Weir"
"3374",2001-09-06,NA,9,"TW_Weir"
"3375",2001-09-07,NA,9,"TW_Weir"
"3376",2001-09-08,NA,9,"TW_Weir"
"3377",2001-09-09,NA,9,"TW_Weir"
"3378",2001-09-10,NA,9,"TW_Weir"
"3379",2001-09-11,NA,9,"TW_Weir"
"3380",2001-09-12,NA,9,"TW_Weir"
"3381",2001-09-13,NA,9,"TW_Weir"
"3382",2001-09-14,NA,9,"TW_Weir"
"3383",2001-09-15,NA,9,"TW_Weir"
"3384",2001-09-16,NA,9,"TW_Weir"
"3385",2001-09-17,NA,9,"TW_Weir"
"3386",2001-09-18,NA,9,"TW_Weir"
"3387",2001-09-19,NA,9,"TW_Weir"
"3388",2001-09-20,NA,9,"TW_Weir"
"3389",2001-09-21,NA,9,"TW_Weir"
"3390",2001-09-22,NA,9,"TW_Weir"
"3391",2001-09-23,NA,9,"TW_Weir"
"3392",2001-09-24,NA,9,"TW_Weir"
"3393",2001-09-25,NA,9,"TW_Weir"
"3394",2001-09-26,NA,9,"TW_Weir"
"3395",2001-09-27,NA,9,"TW_Weir"
"3396",2001-09-28,NA,9,"TW_Weir"
"3397",2001-09-29,NA,9,"TW_Weir"
"3398",2001-09-30,NA,9,"TW_Weir"
"3611",2002-05-01,NA,5,"TW_Weir"
"3612",2002-05-02,NA,5,"TW_Weir"
"3613",2002-05-03,NA,5,"TW_Weir"
"3614",2002-05-04,NA,5,"TW_Weir"
"3615",2002-05-05,NA,5,"TW_Weir"
"3616",2002-05-06,NA,5,"TW_Weir"
"3617",2002-05-07,NA,5,"TW_Weir"
"3618",2002-05-08,NA,5,"TW_Weir"
"3619",2002-05-09,NA,5,"TW_Weir"
"3620",2002-05-10,NA,5,"TW_Weir"
"3621",2002-05-11,NA,5,"TW_Weir"
"3622",2002-05-12,NA,5,"TW_Weir"
"3623",2002-05-13,NA,5,"TW_Weir"
"3624",2002-05-14,NA,5,"TW_Weir"
"3625",2002-05-15,NA,5,"TW_Weir"
"3626",2002-05-16,NA,5,"TW_Weir"
"3627",2002-05-17,NA,5,"TW_Weir"
"3628",2002-05-18,NA,5,"TW_Weir"
"3629",2002-05-19,NA,5,"TW_Weir"
"3630",2002-05-20,NA,5,"TW_Weir"
"3631",2002-05-21,NA,5,"TW_Weir"
"3632",2002-05-22,NA,5,"TW_Weir"
"3633",2002-05-23,NA,5,"TW_Weir"
"3634",2002-05-24,NA,5,"TW_Weir"
"3635",2002-05-25,NA,5,"TW_Weir"
"3636",2002-05-26,NA,5,"TW_Weir"
"3637",2002-05-27,NA,5,"TW_Weir"
"3638",2002-05-28,NA,5,"TW_Weir"
"3639",2002-05-29,NA,5,"TW_Weir"
"3640",2002-05-30,NA,5,"TW_Weir"
"3641",2002-05-31,NA,5,"TW_Weir"
"3642",2002-06-01,NA,6,"TW_Weir"
"3643",2002-06-02,NA,6,"TW_Weir"
"3644",2002-06-03,NA,6,"TW_Weir"
"3645",2002-06-04,NA,6,"TW_Weir"
"3646",2002-06-05,NA,6,"TW_Weir"
"3647",2002-06-06,NA,6,"TW_Weir"
"3648",2002-06-07,NA,6,"TW_Weir"
"3649",2002-06-08,NA,6,"TW_Weir"
"3650",2002-06-09,NA,6,"TW_Weir"
"3651",2002-06-10,NA,6,"TW_Weir"
"3652",2002-06-11,NA,6,"TW_Weir"
"3653",2002-06-12,NA,6,"TW_Weir"
"3654",2002-06-13,NA,6,"TW_Weir"
"3655",2002-06-14,NA,6,"TW_Weir"
"3656",2002-06-15,NA,6,"TW_Weir"
"3657",2002-06-16,NA,6,"TW_Weir"
"3658",2002-06-17,NA,6,"TW_Weir"
"3659",2002-06-18,NA,6,"TW_Weir"
"3660",2002-06-19,NA,6,"TW_Weir"
"3661",2002-06-20,NA,6,"TW_Weir"
"3662",2002-06-21,NA,6,"TW_Weir"
"3663",2002-06-22,NA,6,"TW_Weir"
"3664",2002-06-23,NA,6,"TW_Weir"
"3665",2002-06-24,0.001513333,6,"TW_Weir"
"3666",2002-06-25,0.00051625,6,"TW_Weir"
"3667",2002-06-26,3.08e-05,6,"TW_Weir"
"3668",2002-06-27,2.27e-05,6,"TW_Weir"
"3669",2002-06-28,0.005433125,6,"TW_Weir"
"3670",2002-06-29,0.004631458,6,"TW_Weir"
"3671",2002-06-30,0.0020175,6,"TW_Weir"
"3672",2002-07-01,0.002540833,7,"TW_Weir"
"3673",2002-07-02,0.00119125,7,"TW_Weir"
"3674",2002-07-03,0.002914167,7,"TW_Weir"
"3675",2002-07-04,0.002894792,7,"TW_Weir"
"3676",2002-07-05,0.00758375,7,"TW_Weir"
"3677",2002-07-06,0.005174167,7,"TW_Weir"
"3678",2002-07-07,0.009526458,7,"TW_Weir"
"3679",2002-07-08,0.003446458,7,"TW_Weir"
"3680",2002-07-09,0.001937083,7,"TW_Weir"
"3681",2002-07-10,0.006603542,7,"TW_Weir"
"3682",2002-07-11,0.002129792,7,"TW_Weir"
"3683",2002-07-12,0.000454375,7,"TW_Weir"
"3684",2002-07-13,0.000415417,7,"TW_Weir"
"3685",2002-07-14,0.00106875,7,"TW_Weir"
"3686",2002-07-15,0.000496875,7,"TW_Weir"
"3687",2002-07-16,0.000108125,7,"TW_Weir"
"3688",2002-07-17,3.5e-05,7,"TW_Weir"
"3689",2002-07-18,3.63e-05,7,"TW_Weir"
"3690",2002-07-19,0,7,"TW_Weir"
"3691",2002-07-20,0,7,"TW_Weir"
"3692",2002-07-21,0.000179375,7,"TW_Weir"
"3693",2002-07-22,0.000882917,7,"TW_Weir"
"3694",2002-07-23,0.000529167,7,"TW_Weir"
"3695",2002-07-24,8.71e-05,7,"TW_Weir"
"3696",2002-07-25,0,7,"TW_Weir"
"3697",2002-07-26,0,7,"TW_Weir"
"3698",2002-07-27,0,7,"TW_Weir"
"3699",2002-07-28,0,7,"TW_Weir"
"3700",2002-07-29,0,7,"TW_Weir"
"3701",2002-07-30,0,7,"TW_Weir"
"3702",2002-07-31,0,7,"TW_Weir"
"3703",2002-08-01,0,8,"TW_Weir"
"3704",2002-08-02,0,8,"TW_Weir"
"3705",2002-08-03,0,8,"TW_Weir"
"3706",2002-08-04,0,8,"TW_Weir"
"3707",2002-08-05,0,8,"TW_Weir"
"3708",2002-08-06,0,8,"TW_Weir"
"3709",2002-08-07,0,8,"TW_Weir"
"3710",2002-08-08,0,8,"TW_Weir"
"3711",2002-08-09,0,8,"TW_Weir"
"3712",2002-08-10,0,8,"TW_Weir"
"3713",2002-08-11,0.001549792,8,"TW_Weir"
"3714",2002-08-12,0.005943542,8,"TW_Weir"
"3715",2002-08-13,0.007134444,8,"TW_Weir"
"3716",2002-08-14,NA,8,"TW_Weir"
"3717",2002-08-15,NA,8,"TW_Weir"
"3718",2002-08-16,NA,8,"TW_Weir"
"3719",2002-08-17,NA,8,"TW_Weir"
"3720",2002-08-18,NA,8,"TW_Weir"
"3721",2002-08-19,NA,8,"TW_Weir"
"3722",2002-08-20,NA,8,"TW_Weir"
"3723",2002-08-21,NA,8,"TW_Weir"
"3724",2002-08-22,NA,8,"TW_Weir"
"3725",2002-08-23,NA,8,"TW_Weir"
"3726",2002-08-24,NA,8,"TW_Weir"
"3727",2002-08-25,NA,8,"TW_Weir"
"3728",2002-08-26,NA,8,"TW_Weir"
"3729",2002-08-27,NA,8,"TW_Weir"
"3730",2002-08-28,NA,8,"TW_Weir"
"3731",2002-08-29,NA,8,"TW_Weir"
"3732",2002-08-30,NA,8,"TW_Weir"
"3733",2002-08-31,NA,8,"TW_Weir"
"3734",2002-09-01,NA,9,"TW_Weir"
"3735",2002-09-02,NA,9,"TW_Weir"
"3736",2002-09-03,NA,9,"TW_Weir"
"3737",2002-09-04,NA,9,"TW_Weir"
"3738",2002-09-05,NA,9,"TW_Weir"
"3739",2002-09-06,NA,9,"TW_Weir"
"3740",2002-09-07,NA,9,"TW_Weir"
"3741",2002-09-08,NA,9,"TW_Weir"
"3742",2002-09-09,NA,9,"TW_Weir"
"3743",2002-09-10,NA,9,"TW_Weir"
"3744",2002-09-11,NA,9,"TW_Weir"
"3745",2002-09-12,NA,9,"TW_Weir"
"3746",2002-09-13,NA,9,"TW_Weir"
"3747",2002-09-14,NA,9,"TW_Weir"
"3748",2002-09-15,NA,9,"TW_Weir"
"3749",2002-09-16,NA,9,"TW_Weir"
"3750",2002-09-17,NA,9,"TW_Weir"
"3751",2002-09-18,NA,9,"TW_Weir"
"3752",2002-09-19,NA,9,"TW_Weir"
"3753",2002-09-20,NA,9,"TW_Weir"
"3754",2002-09-21,NA,9,"TW_Weir"
"3755",2002-09-22,NA,9,"TW_Weir"
"3756",2002-09-23,NA,9,"TW_Weir"
"3757",2002-09-24,NA,9,"TW_Weir"
"3758",2002-09-25,NA,9,"TW_Weir"
"3759",2002-09-26,NA,9,"TW_Weir"
"3760",2002-09-27,NA,9,"TW_Weir"
"3761",2002-09-28,NA,9,"TW_Weir"
"3762",2002-09-29,NA,9,"TW_Weir"
"3763",2002-09-30,NA,9,"TW_Weir"
"3976",2003-05-01,NA,5,"TW_Weir"
"3977",2003-05-02,NA,5,"TW_Weir"
"3978",2003-05-03,NA,5,"TW_Weir"
"3979",2003-05-04,NA,5,"TW_Weir"
"3980",2003-05-05,NA,5,"TW_Weir"
"3981",2003-05-06,NA,5,"TW_Weir"
"3982",2003-05-07,NA,5,"TW_Weir"
"3983",2003-05-08,NA,5,"TW_Weir"
"3984",2003-05-09,NA,5,"TW_Weir"
"3985",2003-05-10,NA,5,"TW_Weir"
"3986",2003-05-11,NA,5,"TW_Weir"
"3987",2003-05-12,NA,5,"TW_Weir"
"3988",2003-05-13,NA,5,"TW_Weir"
"3989",2003-05-14,NA,5,"TW_Weir"
"3990",2003-05-15,NA,5,"TW_Weir"
"3991",2003-05-16,NA,5,"TW_Weir"
"3992",2003-05-17,NA,5,"TW_Weir"
"3993",2003-05-18,NA,5,"TW_Weir"
"3994",2003-05-19,NA,5,"TW_Weir"
"3995",2003-05-20,NA,5,"TW_Weir"
"3996",2003-05-21,NA,5,"TW_Weir"
"3997",2003-05-22,NA,5,"TW_Weir"
"3998",2003-05-23,NA,5,"TW_Weir"
"3999",2003-05-24,NA,5,"TW_Weir"
"4000",2003-05-25,NA,5,"TW_Weir"
"4001",2003-05-26,NA,5,"TW_Weir"
"4002",2003-05-27,NA,5,"TW_Weir"
"4003",2003-05-28,NA,5,"TW_Weir"
"4004",2003-05-29,NA,5,"TW_Weir"
"4005",2003-05-30,2e-05,5,"TW_Weir"
"4006",2003-05-31,NA,5,"TW_Weir"
"4007",2003-06-01,0.00126,6,"TW_Weir"
"4008",2003-06-02,0.008835,6,"TW_Weir"
"4009",2003-06-03,0.0201,6,"TW_Weir"
"4010",2003-06-04,0.01904,6,"TW_Weir"
"4011",2003-06-05,0.03846,6,"TW_Weir"
"4012",2003-06-06,NA,6,"TW_Weir"
"4013",2003-06-07,0.00824,6,"TW_Weir"
"4014",2003-06-08,NA,6,"TW_Weir"
"4015",2003-06-09,0.00336,6,"TW_Weir"
"4016",2003-06-10,NA,6,"TW_Weir"
"4017",2003-06-11,NA,6,"TW_Weir"
"4018",2003-06-12,NA,6,"TW_Weir"
"4019",2003-06-13,NA,6,"TW_Weir"
"4020",2003-06-14,NA,6,"TW_Weir"
"4021",2003-06-15,NA,6,"TW_Weir"
"4022",2003-06-16,NA,6,"TW_Weir"
"4023",2003-06-17,NA,6,"TW_Weir"
"4024",2003-06-18,NA,6,"TW_Weir"
"4025",2003-06-19,NA,6,"TW_Weir"
"4026",2003-06-20,0.00091,6,"TW_Weir"
"4027",2003-06-21,NA,6,"TW_Weir"
"4028",2003-06-22,NA,6,"TW_Weir"
"4029",2003-06-23,NA,6,"TW_Weir"
"4030",2003-06-24,0,6,"TW_Weir"
"4031",2003-06-25,0,6,"TW_Weir"
"4032",2003-06-26,0,6,"TW_Weir"
"4033",2003-06-27,0,6,"TW_Weir"
"4034",2003-06-28,0,6,"TW_Weir"
"4035",2003-06-29,0,6,"TW_Weir"
"4036",2003-06-30,0,6,"TW_Weir"
"4037",2003-07-01,0,7,"TW_Weir"
"4038",2003-07-02,0,7,"TW_Weir"
"4039",2003-07-03,0.012236875,7,"TW_Weir"
"4040",2003-07-04,0.005188125,7,"TW_Weir"
"4041",2003-07-05,0.001081667,7,"TW_Weir"
"4042",2003-07-06,0.000298333,7,"TW_Weir"
"4043",2003-07-07,0.00884375,7,"TW_Weir"
"4044",2003-07-08,0.004045532,7,"TW_Weir"
"4045",2003-07-09,0.001033333,7,"TW_Weir"
"4046",2003-07-10,0.00047125,7,"TW_Weir"
"4047",2003-07-11,0.001702917,7,"TW_Weir"
"4048",2003-07-12,0.002474583,7,"TW_Weir"
"4049",2003-07-13,0.004704792,7,"TW_Weir"
"4050",2003-07-14,0.006365208,7,"TW_Weir"
"4051",2003-07-15,0.0052525,7,"TW_Weir"
"4052",2003-07-16,0.002802083,7,"TW_Weir"
"4053",2003-07-17,0.001835625,7,"TW_Weir"
"4054",2003-07-18,0.002012917,7,"TW_Weir"
"4055",2003-07-19,0.001227708,7,"TW_Weir"
"4056",2003-07-20,0.00075125,7,"TW_Weir"
"4057",2003-07-21,7e-04,7,"TW_Weir"
"4058",2003-07-22,0.00071625,7,"TW_Weir"
"4059",2003-07-23,0.001344792,7,"TW_Weir"
"4060",2003-07-24,0.001343958,7,"TW_Weir"
"4061",2003-07-25,0.010269167,7,"TW_Weir"
"4062",2003-07-26,0.016537083,7,"TW_Weir"
"4063",2003-07-27,0.005162917,7,"TW_Weir"
"4064",2003-07-28,0.00375375,7,"TW_Weir"
"4065",2003-07-29,0.002608958,7,"TW_Weir"
"4066",2003-07-30,0.002724375,7,"TW_Weir"
"4067",2003-07-31,0.003006667,7,"TW_Weir"
"4068",2003-08-01,0.003292708,8,"TW_Weir"
"4069",2003-08-02,0.002627083,8,"TW_Weir"
"4070",2003-08-03,0.003117917,8,"TW_Weir"
"4071",2003-08-04,0.002672292,8,"TW_Weir"
"4072",2003-08-05,0.002199792,8,"TW_Weir"
"4073",2003-08-06,0.001672292,8,"TW_Weir"
"4074",2003-08-07,0.001134792,8,"TW_Weir"
"4075",2003-08-08,0.00117625,8,"TW_Weir"
"4076",2003-08-09,0.000919167,8,"TW_Weir"
"4077",2003-08-10,0.001169375,8,"TW_Weir"
"4078",2003-08-11,0.016533333,8,"TW_Weir"
"4079",2003-08-12,0.018058333,8,"TW_Weir"
"4080",2003-08-13,0.009871875,8,"TW_Weir"
"4081",2003-08-14,0.003563958,8,"TW_Weir"
"4082",2003-08-15,0.001772917,8,"TW_Weir"
"4083",2003-08-16,0.001305484,8,"TW_Weir"
"4084",2003-08-17,NA,8,"TW_Weir"
"4085",2003-08-18,NA,8,"TW_Weir"
"4086",2003-08-19,NA,8,"TW_Weir"
"4087",2003-08-20,NA,8,"TW_Weir"
"4088",2003-08-21,NA,8,"TW_Weir"
"4089",2003-08-22,NA,8,"TW_Weir"
"4090",2003-08-23,NA,8,"TW_Weir"
"4091",2003-08-24,NA,8,"TW_Weir"
"4092",2003-08-25,NA,8,"TW_Weir"
"4093",2003-08-26,NA,8,"TW_Weir"
"4094",2003-08-27,NA,8,"TW_Weir"
"4095",2003-08-28,NA,8,"TW_Weir"
"4096",2003-08-29,NA,8,"TW_Weir"
"4097",2003-08-30,NA,8,"TW_Weir"
"4098",2003-08-31,NA,8,"TW_Weir"
"4099",2003-09-01,NA,9,"TW_Weir"
"4100",2003-09-02,NA,9,"TW_Weir"
"4101",2003-09-03,NA,9,"TW_Weir"
"4102",2003-09-04,NA,9,"TW_Weir"
"4103",2003-09-05,NA,9,"TW_Weir"
"4104",2003-09-06,NA,9,"TW_Weir"
"4105",2003-09-07,NA,9,"TW_Weir"
"4106",2003-09-08,NA,9,"TW_Weir"
"4107",2003-09-09,NA,9,"TW_Weir"
"4108",2003-09-10,NA,9,"TW_Weir"
"4109",2003-09-11,NA,9,"TW_Weir"
"4110",2003-09-12,NA,9,"TW_Weir"
"4111",2003-09-13,NA,9,"TW_Weir"
"4112",2003-09-14,NA,9,"TW_Weir"
"4113",2003-09-15,NA,9,"TW_Weir"
"4114",2003-09-16,NA,9,"TW_Weir"
"4115",2003-09-17,NA,9,"TW_Weir"
"4116",2003-09-18,NA,9,"TW_Weir"
"4117",2003-09-19,NA,9,"TW_Weir"
"4118",2003-09-20,NA,9,"TW_Weir"
"4119",2003-09-21,NA,9,"TW_Weir"
"4120",2003-09-22,NA,9,"TW_Weir"
"4121",2003-09-23,NA,9,"TW_Weir"
"4122",2003-09-24,NA,9,"TW_Weir"
"4123",2003-09-25,NA,9,"TW_Weir"
"4124",2003-09-26,NA,9,"TW_Weir"
"4125",2003-09-27,NA,9,"TW_Weir"
"4126",2003-09-28,NA,9,"TW_Weir"
"4127",2003-09-29,NA,9,"TW_Weir"
"4128",2003-09-30,NA,9,"TW_Weir"
"4342",2004-05-01,NA,5,"TW_Weir"
"4343",2004-05-02,NA,5,"TW_Weir"
"4344",2004-05-03,NA,5,"TW_Weir"
"4345",2004-05-04,NA,5,"TW_Weir"
"4346",2004-05-05,NA,5,"TW_Weir"
"4347",2004-05-06,NA,5,"TW_Weir"
"4348",2004-05-07,NA,5,"TW_Weir"
"4349",2004-05-08,NA,5,"TW_Weir"
"4350",2004-05-09,NA,5,"TW_Weir"
"4351",2004-05-10,NA,5,"TW_Weir"
"4352",2004-05-11,NA,5,"TW_Weir"
"4353",2004-05-12,NA,5,"TW_Weir"
"4354",2004-05-13,NA,5,"TW_Weir"
"4355",2004-05-14,NA,5,"TW_Weir"
"4356",2004-05-15,NA,5,"TW_Weir"
"4357",2004-05-16,NA,5,"TW_Weir"
"4358",2004-05-17,NA,5,"TW_Weir"
"4359",2004-05-18,NA,5,"TW_Weir"
"4360",2004-05-19,NA,5,"TW_Weir"
"4361",2004-05-20,NA,5,"TW_Weir"
"4362",2004-05-21,NA,5,"TW_Weir"
"4363",2004-05-22,NA,5,"TW_Weir"
"4364",2004-05-23,NA,5,"TW_Weir"
"4365",2004-05-24,NA,5,"TW_Weir"
"4366",2004-05-25,NA,5,"TW_Weir"
"4367",2004-05-26,NA,5,"TW_Weir"
"4368",2004-05-27,NA,5,"TW_Weir"
"4369",2004-05-28,NA,5,"TW_Weir"
"4370",2004-05-29,NA,5,"TW_Weir"
"4371",2004-05-30,NA,5,"TW_Weir"
"4372",2004-05-31,NA,5,"TW_Weir"
"4373",2004-06-01,NA,6,"TW_Weir"
"4374",2004-06-02,NA,6,"TW_Weir"
"4375",2004-06-03,NA,6,"TW_Weir"
"4376",2004-06-04,NA,6,"TW_Weir"
"4377",2004-06-05,NA,6,"TW_Weir"
"4378",2004-06-06,NA,6,"TW_Weir"
"4379",2004-06-07,NA,6,"TW_Weir"
"4380",2004-06-08,NA,6,"TW_Weir"
"4381",2004-06-09,NA,6,"TW_Weir"
"4382",2004-06-10,NA,6,"TW_Weir"
"4383",2004-06-11,NA,6,"TW_Weir"
"4384",2004-06-12,NA,6,"TW_Weir"
"4385",2004-06-13,NA,6,"TW_Weir"
"4386",2004-06-14,NA,6,"TW_Weir"
"4387",2004-06-15,NA,6,"TW_Weir"
"4388",2004-06-16,NA,6,"TW_Weir"
"4389",2004-06-17,NA,6,"TW_Weir"
"4390",2004-06-18,7.69e-07,6,"TW_Weir"
"4391",2004-06-19,0,6,"TW_Weir"
"4392",2004-06-20,0,6,"TW_Weir"
"4393",2004-06-21,0,6,"TW_Weir"
"4394",2004-06-22,0,6,"TW_Weir"
"4395",2004-06-23,0,6,"TW_Weir"
"4396",2004-06-24,0,6,"TW_Weir"
"4397",2004-06-25,0,6,"TW_Weir"
"4398",2004-06-26,0,6,"TW_Weir"
"4399",2004-06-27,0,6,"TW_Weir"
"4400",2004-06-28,0,6,"TW_Weir"
"4401",2004-06-29,0,6,"TW_Weir"
"4402",2004-06-30,0,6,"TW_Weir"
"4403",2004-07-01,0,7,"TW_Weir"
"4404",2004-07-02,0,7,"TW_Weir"
"4405",2004-07-03,0,7,"TW_Weir"
"4406",2004-07-04,0,7,"TW_Weir"
"4407",2004-07-05,0,7,"TW_Weir"
"4408",2004-07-06,0,7,"TW_Weir"
"4409",2004-07-07,0.000763125,7,"TW_Weir"
"4410",2004-07-08,0.004921042,7,"TW_Weir"
"4411",2004-07-09,0.010404375,7,"TW_Weir"
"4412",2004-07-10,0.015642708,7,"TW_Weir"
"4413",2004-07-11,0.010110625,7,"TW_Weir"
"4414",2004-07-12,0.003187083,7,"TW_Weir"
"4415",2004-07-13,0.001178958,7,"TW_Weir"
"4416",2004-07-14,0.000265625,7,"TW_Weir"
"4417",2004-07-15,1.13e-05,7,"TW_Weir"
"4418",2004-07-16,8.33e-06,7,"TW_Weir"
"4419",2004-07-17,0.001937917,7,"TW_Weir"
"4420",2004-07-18,0.01291625,7,"TW_Weir"
"4421",2004-07-19,0.013208125,7,"TW_Weir"
"4422",2004-07-20,0.005420417,7,"TW_Weir"
"4423",2004-07-21,0.003455833,7,"TW_Weir"
"4424",2004-07-22,0.002114167,7,"TW_Weir"
"4425",2004-07-23,0.001312292,7,"TW_Weir"
"4426",2004-07-24,0.000705625,7,"TW_Weir"
"4427",2004-07-25,0.000172708,7,"TW_Weir"
"4428",2004-07-26,4.38e-06,7,"TW_Weir"
"4429",2004-07-27,0.000115833,7,"TW_Weir"
"4430",2004-07-28,0.003072083,7,"TW_Weir"
"4431",2004-07-29,0.003501458,7,"TW_Weir"
"4432",2004-07-30,0.002452917,7,"TW_Weir"
"4433",2004-07-31,0.016757708,7,"TW_Weir"
"4434",2004-08-01,0.009890833,8,"TW_Weir"
"4435",2004-08-02,0.004362292,8,"TW_Weir"
"4436",2004-08-03,0.009812708,8,"TW_Weir"
"4437",2004-08-04,0.004947917,8,"TW_Weir"
"4438",2004-08-05,0.002323958,8,"TW_Weir"
"4439",2004-08-06,0.001279167,8,"TW_Weir"
"4440",2004-08-07,0.000697708,8,"TW_Weir"
"4441",2004-08-08,0.000310417,8,"TW_Weir"
"4442",2004-08-09,7.96e-05,8,"TW_Weir"
"4443",2004-08-10,1e-05,8,"TW_Weir"
"4444",2004-08-11,1e-05,8,"TW_Weir"
"4445",2004-08-12,1e-05,8,"TW_Weir"
"4446",2004-08-13,0.00188625,8,"TW_Weir"
"4447",2004-08-14,0.006201667,8,"TW_Weir"
"4448",2004-08-15,0.002955625,8,"TW_Weir"
"4449",2004-08-16,0.001542708,8,"TW_Weir"
"4450",2004-08-17,0.000995862,8,"TW_Weir"
"4451",2004-08-18,NA,8,"TW_Weir"
"4452",2004-08-19,NA,8,"TW_Weir"
"4453",2004-08-20,NA,8,"TW_Weir"
"4454",2004-08-21,NA,8,"TW_Weir"
"4455",2004-08-22,NA,8,"TW_Weir"
"4456",2004-08-23,NA,8,"TW_Weir"
"4457",2004-08-24,NA,8,"TW_Weir"
"4458",2004-08-25,NA,8,"TW_Weir"
"4459",2004-08-26,NA,8,"TW_Weir"
"4460",2004-08-27,NA,8,"TW_Weir"
"4461",2004-08-28,NA,8,"TW_Weir"
"4462",2004-08-29,NA,8,"TW_Weir"
"4463",2004-08-30,NA,8,"TW_Weir"
"4464",2004-08-31,NA,8,"TW_Weir"
"4465",2004-09-01,NA,9,"TW_Weir"
"4466",2004-09-02,NA,9,"TW_Weir"
"4467",2004-09-03,NA,9,"TW_Weir"
"4468",2004-09-04,NA,9,"TW_Weir"
"4469",2004-09-05,NA,9,"TW_Weir"
"4470",2004-09-06,NA,9,"TW_Weir"
"4471",2004-09-07,NA,9,"TW_Weir"
"4472",2004-09-08,NA,9,"TW_Weir"
"4473",2004-09-09,NA,9,"TW_Weir"
"4474",2004-09-10,NA,9,"TW_Weir"
"4475",2004-09-11,NA,9,"TW_Weir"
"4476",2004-09-12,NA,9,"TW_Weir"
"4477",2004-09-13,NA,9,"TW_Weir"
"4478",2004-09-14,NA,9,"TW_Weir"
"4479",2004-09-15,NA,9,"TW_Weir"
"4480",2004-09-16,NA,9,"TW_Weir"
"4481",2004-09-17,NA,9,"TW_Weir"
"4482",2004-09-18,NA,9,"TW_Weir"
"4483",2004-09-19,NA,9,"TW_Weir"
"4484",2004-09-20,NA,9,"TW_Weir"
"4485",2004-09-21,NA,9,"TW_Weir"
"4486",2004-09-22,NA,9,"TW_Weir"
"4487",2004-09-23,NA,9,"TW_Weir"
"4488",2004-09-24,NA,9,"TW_Weir"
"4489",2004-09-25,NA,9,"TW_Weir"
"4490",2004-09-26,NA,9,"TW_Weir"
"4491",2004-09-27,NA,9,"TW_Weir"
"4492",2004-09-28,NA,9,"TW_Weir"
"4493",2004-09-29,NA,9,"TW_Weir"
"4494",2004-09-30,NA,9,"TW_Weir"
"4707",2005-05-01,NA,5,"TW_Weir"
"4708",2005-05-02,NA,5,"TW_Weir"
"4709",2005-05-03,NA,5,"TW_Weir"
"4710",2005-05-04,NA,5,"TW_Weir"
"4711",2005-05-05,NA,5,"TW_Weir"
"4712",2005-05-06,NA,5,"TW_Weir"
"4713",2005-05-07,NA,5,"TW_Weir"
"4714",2005-05-08,NA,5,"TW_Weir"
"4715",2005-05-09,NA,5,"TW_Weir"
"4716",2005-05-10,NA,5,"TW_Weir"
"4717",2005-05-11,NA,5,"TW_Weir"
"4718",2005-05-12,NA,5,"TW_Weir"
"4719",2005-05-13,NA,5,"TW_Weir"
"4720",2005-05-14,NA,5,"TW_Weir"
"4721",2005-05-15,NA,5,"TW_Weir"
"4722",2005-05-16,NA,5,"TW_Weir"
"4723",2005-05-17,NA,5,"TW_Weir"
"4724",2005-05-18,NA,5,"TW_Weir"
"4725",2005-05-19,NA,5,"TW_Weir"
"4726",2005-05-20,NA,5,"TW_Weir"
"4727",2005-05-21,NA,5,"TW_Weir"
"4728",2005-05-22,NA,5,"TW_Weir"
"4729",2005-05-23,NA,5,"TW_Weir"
"4730",2005-05-24,NA,5,"TW_Weir"
"4731",2005-05-25,NA,5,"TW_Weir"
"4732",2005-05-26,NA,5,"TW_Weir"
"4733",2005-05-27,NA,5,"TW_Weir"
"4734",2005-05-28,NA,5,"TW_Weir"
"4735",2005-05-29,NA,5,"TW_Weir"
"4736",2005-05-30,NA,5,"TW_Weir"
"4737",2005-05-31,NA,5,"TW_Weir"
"4738",2005-06-01,NA,6,"TW_Weir"
"4739",2005-06-02,NA,6,"TW_Weir"
"4740",2005-06-03,NA,6,"TW_Weir"
"4741",2005-06-04,NA,6,"TW_Weir"
"4742",2005-06-05,NA,6,"TW_Weir"
"4743",2005-06-06,NA,6,"TW_Weir"
"4744",2005-06-07,NA,6,"TW_Weir"
"4745",2005-06-08,NA,6,"TW_Weir"
"4746",2005-06-09,NA,6,"TW_Weir"
"4747",2005-06-10,NA,6,"TW_Weir"
"4748",2005-06-11,NA,6,"TW_Weir"
"4749",2005-06-12,NA,6,"TW_Weir"
"4750",2005-06-13,0.00046,6,"TW_Weir"
"4751",2005-06-14,0.000392292,6,"TW_Weir"
"4752",2005-06-15,0.000261042,6,"TW_Weir"
"4753",2005-06-16,0.00012,6,"TW_Weir"
"4754",2005-06-17,8.4e-05,6,"TW_Weir"
"4755",2005-06-18,0,6,"TW_Weir"
"4756",2005-06-19,0,6,"TW_Weir"
"4757",2005-06-20,0,6,"TW_Weir"
"4758",2005-06-21,0,6,"TW_Weir"
"4759",2005-06-22,0,6,"TW_Weir"
"4760",2005-06-23,0,6,"TW_Weir"
"4761",2005-06-24,0,6,"TW_Weir"
"4762",2005-06-25,0,6,"TW_Weir"
"4763",2005-06-26,0,6,"TW_Weir"
"4764",2005-06-27,0,6,"TW_Weir"
"4765",2005-06-28,0,6,"TW_Weir"
"4766",2005-06-29,0,6,"TW_Weir"
"4767",2005-06-30,0,6,"TW_Weir"
"4768",2005-07-01,0,7,"TW_Weir"
"4769",2005-07-02,0,7,"TW_Weir"
"4770",2005-07-03,0,7,"TW_Weir"
"4771",2005-07-04,0,7,"TW_Weir"
"4772",2005-07-05,0,7,"TW_Weir"
"4773",2005-07-06,0.003325417,7,"TW_Weir"
"4774",2005-07-07,0.003960208,7,"TW_Weir"
"4775",2005-07-08,0.001897708,7,"TW_Weir"
"4776",2005-07-09,0.0024825,7,"TW_Weir"
"4777",2005-07-10,0.003076458,7,"TW_Weir"
"4778",2005-07-11,0.004584583,7,"TW_Weir"
"4779",2005-07-12,0.00539375,7,"TW_Weir"
"4780",2005-07-13,0.004348958,7,"TW_Weir"
"4781",2005-07-14,0.002,7,"TW_Weir"
"4782",2005-07-15,0.000834792,7,"TW_Weir"
"4783",2005-07-16,0.000404792,7,"TW_Weir"
"4784",2005-07-17,0.00037,7,"TW_Weir"
"4785",2005-07-18,0.00037,7,"TW_Weir"
"4786",2005-07-19,0.000275833,7,"TW_Weir"
"4787",2005-07-20,2e-04,7,"TW_Weir"
"4788",2005-07-21,0.000164167,7,"TW_Weir"
"4789",2005-07-22,9.13e-05,7,"TW_Weir"
"4790",2005-07-23,2.25e-05,7,"TW_Weir"
"4791",2005-07-24,0,7,"TW_Weir"
"4792",2005-07-25,0,7,"TW_Weir"
"4793",2005-07-26,0,7,"TW_Weir"
"4794",2005-07-27,0,7,"TW_Weir"
"4795",2005-07-28,0,7,"TW_Weir"
"4796",2005-07-29,0,7,"TW_Weir"
"4797",2005-07-30,0,7,"TW_Weir"
"4798",2005-07-31,0,7,"TW_Weir"
"4799",2005-08-01,0,8,"TW_Weir"
"4800",2005-08-02,0,8,"TW_Weir"
"4801",2005-08-03,0,8,"TW_Weir"
"4802",2005-08-04,0,8,"TW_Weir"
"4803",2005-08-05,0,8,"TW_Weir"
"4804",2005-08-06,0,8,"TW_Weir"
"4805",2005-08-07,0,8,"TW_Weir"
"4806",2005-08-08,0,8,"TW_Weir"
"4807",2005-08-09,0,8,"TW_Weir"
"4808",2005-08-10,0,8,"TW_Weir"
"4809",2005-08-11,0,8,"TW_Weir"
"4810",2005-08-12,0,8,"TW_Weir"
"4811",2005-08-13,0,8,"TW_Weir"
"4812",2005-08-14,0,8,"TW_Weir"
"4813",2005-08-15,0,8,"TW_Weir"
